game_id,coach_id,team,is_home,year
290910023,63,pit,1,2009
290910023,12,ten,0,2009
290913001,67,atl,1,2009
290913001,65,mia,0,2009
290913004,18,cin,1,2009
290913004,73,den,0,2009
290913005,54,cle,1,2009
290913005,86,min,0,2009
290913009,58,gb,1,2009
290913009,38,chi,0,2009
290913011,76,ind,1,2009
290913011,5,jac,0,2009
290913018,42,no,1,2009
290913018,71,det,0,2009
290913019,35,nyg,1,2009
290913019,25,wsh,0,2009
290913022,59,ari,1,2009
290913022,70,sf,0,2009
290913026,83,sea,1,2009
290913026,50,stl,0,2009
290913027,75,tb,1,2009
290913027,85,dal,0,2009
290913029,13,car,1,2009
290913029,23,phi,0,2009
290913033,68,bal,1,2009
290913033,77,kc,0,2009
290913034,56,hou,1,2009
290913034,72,nyj,0,2009
290914013,69,oak,1,2009
290914013,44,sd,0,2009
290914017,2,ne,1,2009
290914017,80,buf,0,2009
290920001,67,atl,1,2009
290920001,13,car,0,2009
290920002,80,buf,1,2009
290920002,75,tb,0,2009
290920003,38,chi,1,2009
290920003,63,pit,0,2009
290920006,85,dal,1,2009
290920006,35,nyg,0,2009
290920007,73,den,1,2009
290920007,54,cle,0,2009
290920008,71,det,1,2009
290920008,86,min,0,2009
290920009,58,gb,1,2009
290920009,18,cin,0,2009
290920010,12,ten,1,2009
290920010,56,hou,0,2009
290920012,77,kc,1,2009
290920012,69,oak,0,2009
290920020,72,nyj,1,2009
290920020,2,ne,0,2009
290920021,23,phi,1,2009
290920021,42,no,0,2009
290920024,44,sd,1,2009
290920024,68,bal,0,2009
290920025,70,sf,1,2009
290920025,83,sea,0,2009
290920028,25,wsh,1,2009
290920028,50,stl,0,2009
290920030,5,jac,1,2009
290920030,59,ari,0,2009
290921015,65,mia,1,2009
290921015,76,ind,0,2009
290927002,80,buf,1,2009
290927002,42,no,0,2009
290927004,18,cin,1,2009
290927004,63,pit,0,2009
290927008,71,det,1,2009
290927008,25,wsh,0,2009
290927013,69,oak,1,2009
290927013,73,den,0,2009
290927014,50,stl,1,2009
290927014,58,gb,0,2009
290927016,86,min,1,2009
290927016,70,sf,0,2009
290927017,2,ne,1,2009
290927017,67,atl,0,2009
290927020,72,nyj,1,2009
290927020,12,ten,0,2009
290927021,23,phi,1,2009
290927021,77,kc,0,2009
290927022,59,ari,1,2009
290927022,76,ind,0,2009
290927024,44,sd,1,2009
290927024,65,mia,0,2009
290927026,83,sea,1,2009
290927026,38,chi,0,2009
290927027,75,tb,1,2009
290927027,35,nyg,0,2009
290927033,68,bal,1,2009
290927033,54,cle,0,2009
290927034,56,hou,1,2009
290927034,5,jac,0,2009
290928006,85,dal,1,2009
290928006,13,car,0,2009
291004003,38,chi,1,2009
291004003,71,det,0,2009
291004005,54,cle,1,2009
291004005,18,cin,0,2009
291004007,73,den,1,2009
291004007,85,dal,0,2009
291004011,76,ind,1,2009
291004011,83,sea,0,2009
291004012,77,kc,1,2009
291004012,35,nyg,0,2009
291004015,65,mia,1,2009
291004015,80,buf,0,2009
291004017,2,ne,1,2009
291004017,68,bal,0,2009
291004018,42,no,1,2009
291004018,72,nyj,0,2009
291004023,63,pit,1,2009
291004023,44,sd,0,2009
291004025,70,sf,1,2009
291004025,50,stl,0,2009
291004028,25,wsh,1,2009
291004028,75,tb,0,2009
291004030,5,jac,1,2009
291004030,12,ten,0,2009
291004034,56,hou,1,2009
291004034,69,oak,0,2009
291005016,86,min,1,2009
291005016,58,gb,0,2009
291011002,80,buf,1,2009
291011002,54,cle,0,2009
291011007,73,den,1,2009
291011007,2,ne,0,2009
291011008,71,det,1,2009
291011008,63,pit,0,2009
291011010,12,ten,1,2009
291011010,76,ind,0,2009
291011012,77,kc,1,2009
291011012,85,dal,0,2009
291011014,50,stl,1,2009
291011014,86,min,0,2009
291011019,35,nyg,1,2009
291011019,69,oak,0,2009
291011021,23,phi,1,2009
291011021,75,tb,0,2009
291011022,59,ari,1,2009
291011022,56,hou,0,2009
291011025,70,sf,1,2009
291011025,67,atl,0,2009
291011026,83,sea,1,2009
291011026,5,jac,0,2009
291011029,13,car,1,2009
291011029,25,wsh,0,2009
291011033,68,bal,1,2009
291011033,18,cin,0,2009
291012015,65,mia,1,2009
291012015,72,nyj,0,2009
291018001,67,atl,1,2009
291018001,38,chi,0,2009
291018004,18,cin,1,2009
291018004,56,hou,0,2009
291018009,58,gb,1,2009
291018009,71,det,0,2009
291018013,69,oak,1,2009
291018013,23,phi,0,2009
291018016,86,min,1,2009
291018016,68,bal,0,2009
291018017,2,ne,1,2009
291018017,12,ten,0,2009
291018018,42,no,1,2009
291018018,35,nyg,0,2009
291018020,72,nyj,1,2009
291018020,80,buf,0,2009
291018023,63,pit,1,2009
291018023,54,cle,0,2009
291018026,83,sea,1,2009
291018026,59,ari,0,2009
291018027,75,tb,1,2009
291018027,13,car,0,2009
291018028,25,wsh,1,2009
291018028,77,kc,0,2009
291018030,5,jac,1,2009
291018030,50,stl,0,2009
291019024,44,sd,1,2009
291019024,73,den,0,2009
291025004,18,cin,1,2009
291025004,38,chi,0,2009
291025005,54,cle,1,2009
291025005,58,gb,0,2009
291025006,85,dal,1,2009
291025006,67,atl,0,2009
291025012,77,kc,1,2009
291025012,44,sd,0,2009
291025013,69,oak,1,2009
291025013,72,nyj,0,2009
291025014,50,stl,1,2009
291025014,76,ind,0,2009
291025015,65,mia,1,2009
291025015,42,no,0,2009
291025019,35,nyg,1,2009
291025019,59,ari,0,2009
291025023,63,pit,1,2009
291025023,86,min,0,2009
291025027,75,tb,1,2009
291025027,2,ne,0,2009
291025029,13,car,1,2009
291025029,80,buf,0,2009
291025034,56,hou,1,2009
291025034,70,sf,0,2009
291026028,25,wsh,1,2009
291026028,23,phi,0,2009
291101002,80,buf,1,2009
291101002,56,hou,0,2009
291101003,38,chi,1,2009
291101003,54,cle,0,2009
291101006,85,dal,1,2009
291101006,83,sea,0,2009
291101008,71,det,1,2009
291101008,50,stl,0,2009
291101009,58,gb,1,2009
291101009,86,min,0,2009
291101010,12,ten,1,2009
291101010,5,jac,0,2009
291101011,76,ind,1,2009
291101011,70,sf,0,2009
291101020,72,nyj,1,2009
291101020,65,mia,0,2009
291101021,23,phi,1,2009
291101021,35,nyg,0,2009
291101022,59,ari,1,2009
291101022,13,car,0,2009
291101024,44,sd,1,2009
291101024,69,oak,0,2009
291101033,68,bal,1,2009
291101033,73,den,0,2009
291102018,42,no,1,2009
291102018,67,atl,0,2009
291108001,67,atl,1,2009
291108001,25,wsh,0,2009
291108003,38,chi,1,2009
291108003,59,ari,0,2009
291108004,18,cin,1,2009
291108004,68,bal,0,2009
291108011,76,ind,1,2009
291108011,56,hou,0,2009
291108017,2,ne,1,2009
291108017,65,mia,0,2009
291108018,42,no,1,2009
291108018,13,car,0,2009
291108019,35,nyg,1,2009
291108019,44,sd,0,2009
291108021,23,phi,1,2009
291108021,85,dal,0,2009
291108025,70,sf,1,2009
291108025,12,ten,0,2009
291108026,83,sea,1,2009
291108026,71,det,0,2009
291108027,75,tb,1,2009
291108027,58,gb,0,2009
291108030,5,jac,1,2009
291108030,77,kc,0,2009
291109007,73,den,1,2009
291109007,63,pit,0,2009
291112025,70,sf,1,2009
291112025,38,chi,0,2009
291115009,58,gb,1,2009
291115009,85,dal,0,2009
291115010,12,ten,1,2009
291115010,80,buf,0,2009
291115011,76,ind,1,2009
291115011,2,ne,0,2009
291115013,69,oak,1,2009
291115013,77,kc,0,2009
291115014,50,stl,1,2009
291115014,42,no,0,2009
291115015,65,mia,1,2009
291115015,75,tb,0,2009
291115016,86,min,1,2009
291115016,71,det,0,2009
291115020,72,nyj,1,2009
291115020,5,jac,0,2009
291115022,59,ari,1,2009
291115022,83,sea,0,2009
291115023,63,pit,1,2009
291115023,18,cin,0,2009
291115024,44,sd,1,2009
291115024,23,phi,0,2009
291115028,25,wsh,1,2009
291115028,73,den,0,2009
291115029,13,car,1,2009
291115029,67,atl,0,2009
291116005,54,cle,1,2009
291116005,68,bal,0,2009
291119029,13,car,1,2009
291119029,65,mia,0,2009
291122003,38,chi,1,2009
291122003,23,phi,0,2009
291122006,85,dal,1,2009
291122006,25,wsh,0,2009
291122007,73,den,1,2009
291122007,44,sd,0,2009
291122008,71,det,1,2009
291122008,54,cle,0,2009
291122009,58,gb,1,2009
291122009,70,sf,0,2009
291122012,77,kc,1,2009
291122012,63,pit,0,2009
291122013,69,oak,1,2009
291122013,18,cin,0,2009
291122014,50,stl,1,2009
291122014,59,ari,0,2009
291122016,86,min,1,2009
291122016,83,sea,0,2009
291122017,2,ne,1,2009
291122017,72,nyj,0,2009
291122019,35,nyg,1,2009
291122019,67,atl,0,2009
291122027,75,tb,1,2009
291122027,42,no,0,2009
291122030,5,jac,1,2009
291122030,80,buf,0,2009
291122033,68,bal,1,2009
291122033,76,ind,0,2009
291123034,56,hou,1,2009
291123034,12,ten,0,2009
291126006,85,dal,1,2009
291126006,69,oak,0,2009
291126007,73,den,1,2009
291126007,35,nyg,0,2009
291126008,71,det,1,2009
291126008,58,gb,0,2009
291129001,67,atl,1,2009
291129001,75,tb,0,2009
291129002,80,buf,1,2009
291129002,65,mia,0,2009
291129004,18,cin,1,2009
291129004,54,cle,0,2009
291129010,12,ten,1,2009
291129010,59,ari,0,2009
291129014,50,stl,1,2009
291129014,83,sea,0,2009
291129016,86,min,1,2009
291129016,38,chi,0,2009
291129020,72,nyj,1,2009
291129020,13,car,0,2009
291129021,23,phi,1,2009
291129021,25,wsh,0,2009
291129024,44,sd,1,2009
291129024,77,kc,0,2009
291129025,70,sf,1,2009
291129025,5,jac,0,2009
291129033,68,bal,1,2009
291129033,63,pit,0,2009
291129034,56,hou,1,2009
291129034,76,ind,0,2009
291130018,42,no,1,2009
291130018,2,ne,0,2009
291203002,80,buf,1,2009
291203002,72,nyj,0,2009
291206001,67,atl,1,2009
291206001,23,phi,0,2009
291206003,38,chi,1,2009
291206003,50,stl,0,2009
291206004,18,cin,1,2009
291206004,71,det,0,2009
291206005,54,cle,1,2009
291206005,44,sd,0,2009
291206011,76,ind,1,2009
291206011,12,ten,0,2009
291206012,77,kc,1,2009
291206012,73,den,0,2009
291206015,65,mia,1,2009
291206015,2,ne,0,2009
291206019,35,nyg,1,2009
291206019,85,dal,0,2009
291206022,59,ari,1,2009
291206022,86,min,0,2009
291206023,63,pit,1,2009
291206023,69,oak,0,2009
291206026,83,sea,1,2009
291206026,70,sf,0,2009
291206028,25,wsh,1,2009
291206028,42,no,0,2009
291206029,13,car,1,2009
291206029,75,tb,0,2009
291206030,5,jac,1,2009
291206030,56,hou,0,2009
291207009,58,gb,1,2009
291207009,68,bal,0,2009
291210005,54,cle,1,2009
291210005,63,pit,0,2009
291213001,67,atl,1,2009
291213001,42,no,0,2009
291213003,38,chi,1,2009
291213003,58,gb,0,2009
291213006,85,dal,1,2009
291213006,44,sd,0,2009
291213010,12,ten,1,2009
291213010,50,stl,0,2009
291213011,76,ind,1,2009
291213011,73,den,0,2009
291213012,77,kc,1,2009
291213012,80,buf,0,2009
291213013,69,oak,1,2009
291213013,25,wsh,0,2009
291213016,86,min,1,2009
291213016,18,cin,0,2009
291213017,2,ne,1,2009
291213017,13,car,0,2009
291213019,35,nyg,1,2009
291213019,23,phi,0,2009
291213027,75,tb,1,2009
291213027,72,nyj,0,2009
291213030,5,jac,1,2009
291213030,65,mia,0,2009
291213033,68,bal,1,2009
291213033,71,det,0,2009
291213034,56,hou,1,2009
291213034,83,sea,0,2009
291214025,70,sf,1,2009
291214025,59,ari,0,2009
291217030,5,jac,1,2009
291217030,76,ind,0,2009
291219018,42,no,1,2009
291219018,85,dal,0,2009
291220002,80,buf,1,2009
291220002,2,ne,0,2009
291220007,73,den,1,2009
291220007,69,oak,0,2009
291220008,71,det,1,2009
291220008,59,ari,0,2009
291220010,12,ten,1,2009
291220010,65,mia,0,2009
291220012,77,kc,1,2009
291220012,54,cle,0,2009
291220014,50,stl,1,2009
291220014,56,hou,0,2009
291220020,72,nyj,1,2009
291220020,67,atl,0,2009
291220021,23,phi,1,2009
291220021,70,sf,0,2009
291220023,63,pit,1,2009
291220023,58,gb,0,2009
291220024,44,sd,1,2009
291220024,18,cin,0,2009
291220026,83,sea,1,2009
291220026,75,tb,0,2009
291220029,13,car,1,2009
291220029,86,min,0,2009
291220033,68,bal,1,2009
291220033,38,chi,0,2009
291221028,25,wsh,1,2009
291221028,35,nyg,0,2009
291225010,12,ten,1,2009
291225010,44,sd,0,2009
291227001,67,atl,1,2009
291227001,80,buf,0,2009
291227004,18,cin,1,2009
291227004,77,kc,0,2009
291227005,54,cle,1,2009
291227005,69,oak,0,2009
291227009,58,gb,1,2009
291227009,83,sea,0,2009
291227011,76,ind,1,2009
291227011,72,nyj,0,2009
291227015,65,mia,1,2009
291227015,56,hou,0,2009
291227017,2,ne,1,2009
291227017,5,jac,0,2009
291227018,42,no,1,2009
291227018,75,tb,0,2009
291227019,35,nyg,1,2009
291227019,13,car,0,2009
291227021,23,phi,1,2009
291227021,73,den,0,2009
291227022,59,ari,1,2009
291227022,50,stl,0,2009
291227023,63,pit,1,2009
291227023,68,bal,0,2009
291227025,70,sf,1,2009
291227025,71,det,0,2009
291227028,25,wsh,1,2009
291227028,85,dal,0,2009
291228003,38,chi,1,2009
291228003,86,min,0,2009
300103002,80,buf,1,2009
300103002,76,ind,0,2009
300103005,54,cle,1,2009
300103005,5,jac,0,2009
300103006,85,dal,1,2009
300103006,23,phi,0,2009
300103007,73,den,1,2009
300103007,77,kc,0,2009
300103008,71,det,1,2009
300103008,38,chi,0,2009
300103013,69,oak,1,2009
300103013,68,bal,0,2009
300103014,50,stl,1,2009
300103014,70,sf,0,2009
300103015,65,mia,1,2009
300103015,63,pit,0,2009
300103016,86,min,1,2009
300103016,35,nyg,0,2009
300103020,72,nyj,1,2009
300103020,18,cin,0,2009
300103022,59,ari,1,2009
300103022,58,gb,0,2009
300103024,44,sd,1,2009
300103024,25,wsh,0,2009
300103026,83,sea,1,2009
300103026,12,ten,0,2009
300103027,75,tb,1,2009
300103027,67,atl,0,2009
300103029,13,car,1,2009
300103029,42,no,0,2009
300103034,56,hou,1,2009
300103034,2,ne,0,2009
300109004,18,cin,1,2009
300109004,72,nyj,0,2009
300109006,85,dal,1,2009
300109006,23,phi,0,2009
300110017,2,ne,1,2009
300110017,68,bal,0,2009
300110022,59,ari,1,2009
300110022,58,gb,0,2009
300116011,76,ind,1,2009
300116011,68,bal,0,2009
300116018,42,no,1,2009
300116018,59,ari,0,2009
300117016,86,min,1,2009
300117016,85,dal,0,2009
300117024,44,sd,1,2009
300117024,72,nyj,0,2009
300124011,76,ind,1,2009
300124011,72,nyj,0,2009
300124018,42,no,1,2009
300124018,86,min,0,2009
300207011,76,ind,1,2009
300207011,42,no,0,2009
300909018,42,no,1,2010
300909018,86,min,0,2010
300912002,81,buf,1,2010
300912002,65,mia,0,2010
300912003,38,chi,1,2010
300912003,71,det,0,2010
300912010,12,ten,1,2010
300912010,69,oak,0,2010
300912014,50,stl,1,2010
300912014,59,ari,0,2010
300912017,2,ne,1,2010
300912017,18,cin,0,2010
300912019,35,nyg,1,2010
300912019,13,car,0,2010
300912021,23,phi,1,2010
300912021,58,gb,0,2010
300912023,63,pit,1,2010
300912023,67,atl,0,2010
300912026,83,sea,1,2010
300912026,70,sf,0,2010
300912027,75,tb,1,2010
300912027,54,cle,0,2010
300912028,25,wsh,1,2010
300912028,85,dal,0,2010
300912030,5,jac,1,2010
300912030,73,den,0,2010
300912034,56,hou,1,2010
300912034,76,ind,0,2010
300913012,77,kc,1,2010
300913012,44,sd,0,2010
300913020,72,nyj,1,2010
300913020,68,bal,0,2010
300919001,67,atl,1,2010
300919001,59,ari,0,2010
300919004,18,cin,1,2010
300919004,68,bal,0,2010
300919005,54,cle,1,2010
300919005,77,kc,0,2010
300919006,85,dal,1,2010
300919006,38,chi,0,2010
300919007,73,den,1,2010
300919007,83,sea,0,2010
300919008,71,det,1,2010
300919008,23,phi,0,2010
300919009,58,gb,1,2010
300919009,81,buf,0,2010
300919010,12,ten,1,2010
300919010,63,pit,0,2010
300919011,76,ind,1,2010
300919011,35,nyg,0,2010
300919013,69,oak,1,2010
300919013,50,stl,0,2010
300919016,86,min,1,2010
300919016,65,mia,0,2010
300919020,72,nyj,1,2010
300919020,2,ne,0,2010
300919024,44,sd,1,2010
300919024,5,jac,0,2010
300919028,25,wsh,1,2010
300919028,56,hou,0,2010
300919029,13,car,1,2010
300919029,75,tb,0,2010
300920025,70,sf,1,2010
300920025,42,no,0,2010
300926007,73,den,1,2010
300926007,76,ind,0,2010
300926012,77,kc,1,2010
300926012,70,sf,0,2010
300926014,50,stl,1,2010
300926014,25,wsh,0,2010
300926015,65,mia,1,2010
300926015,72,nyj,0,2010
300926016,86,min,1,2010
300926016,71,det,0,2010
300926017,2,ne,1,2010
300926017,81,buf,0,2010
300926018,42,no,1,2010
300926018,67,atl,0,2010
300926019,35,nyg,1,2010
300926019,12,ten,0,2010
300926022,59,ari,1,2010
300926022,69,oak,0,2010
300926026,83,sea,1,2010
300926026,44,sd,0,2010
300926027,75,tb,1,2010
300926027,63,pit,0,2010
300926029,13,car,1,2010
300926029,18,cin,0,2010
300926030,5,jac,1,2010
300926030,23,phi,0,2010
300926033,68,bal,1,2010
300926033,54,cle,0,2010
300926034,56,hou,1,2010
300926034,85,dal,0,2010
300927003,38,chi,1,2010
300927003,58,gb,0,2010
301003001,67,atl,1,2010
301003001,70,sf,0,2010
301003002,81,buf,1,2010
301003002,72,nyj,0,2010
301003005,54,cle,1,2010
301003005,18,cin,0,2010
301003009,58,gb,1,2010
301003009,71,det,0,2010
301003010,12,ten,1,2010
301003010,73,den,0,2010
301003013,69,oak,1,2010
301003013,56,hou,0,2010
301003014,50,stl,1,2010
301003014,83,sea,0,2010
301003018,42,no,1,2010
301003018,13,car,0,2010
301003019,35,nyg,1,2010
301003019,38,chi,0,2010
301003021,23,phi,1,2010
301003021,25,wsh,0,2010
301003023,63,pit,1,2010
301003023,68,bal,0,2010
301003024,44,sd,1,2010
301003024,59,ari,0,2010
301003030,5,jac,1,2010
301003030,76,ind,0,2010
301004015,65,mia,1,2010
301004015,2,ne,0,2010
301010002,81,buf,1,2010
301010002,5,jac,0,2010
301010004,18,cin,1,2010
301010004,75,tb,0,2010
301010005,54,cle,1,2010
301010005,67,atl,0,2010
301010006,85,dal,1,2010
301010006,12,ten,0,2010
301010008,71,det,1,2010
301010008,50,stl,0,2010
301010011,76,ind,1,2010
301010011,77,kc,0,2010
301010013,69,oak,1,2010
301010013,44,sd,0,2010
301010022,59,ari,1,2010
301010022,42,no,0,2010
301010025,70,sf,1,2010
301010025,23,phi,0,2010
301010028,25,wsh,1,2010
301010028,58,gb,0,2010
301010029,13,car,1,2010
301010029,38,chi,0,2010
301010033,68,bal,1,2010
301010033,73,den,0,2010
301010034,56,hou,1,2010
301010034,35,nyg,0,2010
301011020,72,nyj,1,2010
301011020,86,min,0,2010
301017003,38,chi,1,2010
301017003,83,sea,0,2010
301017007,73,den,1,2010
301017007,72,nyj,0,2010
301017009,58,gb,1,2010
301017009,65,mia,0,2010
301017014,50,stl,1,2010
301017014,44,sd,0,2010
301017016,86,min,1,2010
301017016,85,dal,0,2010
301017017,2,ne,1,2010
301017017,68,bal,0,2010
301017019,35,nyg,1,2010
301017019,71,det,0,2010
301017021,23,phi,1,2010
301017021,67,atl,0,2010
301017023,63,pit,1,2010
301017023,54,cle,0,2010
301017025,70,sf,1,2010
301017025,69,oak,0,2010
301017027,75,tb,1,2010
301017027,42,no,0,2010
301017028,25,wsh,1,2010
301017028,76,ind,0,2010
301017034,56,hou,1,2010
301017034,77,kc,0,2010
301018030,5,jac,1,2010
301018030,12,ten,0,2010
301024001,67,atl,1,2010
301024001,18,cin,0,2010
301024003,38,chi,1,2010
301024003,25,wsh,0,2010
301024007,73,den,1,2010
301024007,69,oak,0,2010
301024009,58,gb,1,2010
301024009,86,min,0,2010
301024010,12,ten,1,2010
301024010,23,phi,0,2010
301024012,77,kc,1,2010
301024012,5,jac,0,2010
301024015,65,mia,1,2010
301024015,63,pit,0,2010
301024018,42,no,1,2010
301024018,54,cle,0,2010
301024024,44,sd,1,2010
301024024,2,ne,0,2010
301024026,83,sea,1,2010
301024026,59,ari,0,2010
301024027,75,tb,1,2010
301024027,50,stl,0,2010
301024029,13,car,1,2010
301024029,70,sf,0,2010
301024033,68,bal,1,2010
301024033,81,buf,0,2010
301025006,85,dal,1,2010
301025006,35,nyg,0,2010
301031004,18,cin,1,2010
301031004,65,mia,0,2010
301031006,85,dal,1,2010
301031006,5,jac,0,2010
301031008,71,det,1,2010
301031008,25,wsh,0,2010
301031012,77,kc,1,2010
301031012,81,buf,0,2010
301031013,69,oak,1,2010
301031013,83,sea,0,2010
301031014,50,stl,1,2010
301031014,13,car,0,2010
301031017,2,ne,1,2010
301031017,86,min,0,2010
301031018,42,no,1,2010
301031018,63,pit,0,2010
301031020,72,nyj,1,2010
301031020,58,gb,0,2010
301031022,59,ari,1,2010
301031022,75,tb,0,2010
301031024,44,sd,1,2010
301031024,12,ten,0,2010
301031025,70,sf,1,2010
301031025,73,den,0,2010
301101011,76,ind,1,2010
301101011,56,hou,0,2010
301107001,67,atl,1,2010
301107001,75,tb,0,2010
301107002,81,buf,1,2010
301107002,38,chi,0,2010
301107005,54,cle,1,2010
301107005,2,ne,0,2010
301107008,71,det,1,2010
301107008,72,nyj,0,2010
301107009,58,gb,1,2010
301107009,85,dal,0,2010
301107013,69,oak,1,2010
301107013,77,kc,0,2010
301107016,86,min,1,2010
301107016,59,ari,0,2010
301107021,23,phi,1,2010
301107021,76,ind,0,2010
301107026,83,sea,1,2010
301107026,35,nyg,0,2010
301107029,13,car,1,2010
301107029,42,no,0,2010
301107033,68,bal,1,2010
301107033,65,mia,0,2010
301107034,56,hou,1,2010
301107034,44,sd,0,2010
301108004,18,cin,1,2010
301108004,63,pit,0,2010
301111001,67,atl,1,2010
301111001,68,bal,0,2010
301114002,81,buf,1,2010
301114002,71,det,0,2010
301114003,38,chi,1,2010
301114003,86,min,0,2010
301114005,54,cle,1,2010
301114005,72,nyj,0,2010
301114007,73,den,1,2010
301114007,77,kc,0,2010
301114011,76,ind,1,2010
301114011,18,cin,0,2010
301114015,65,mia,1,2010
301114015,12,ten,0,2010
301114019,35,nyg,1,2010
301114019,85,dal,0,2010
301114022,59,ari,1,2010
301114022,83,sea,0,2010
301114023,63,pit,1,2010
301114023,2,ne,0,2010
301114025,70,sf,1,2010
301114025,50,stl,0,2010
301114027,75,tb,1,2010
301114027,13,car,0,2010
301114030,5,jac,1,2010
301114030,56,hou,0,2010
301115028,25,wsh,1,2010
301115028,23,phi,0,2010
301118015,65,mia,1,2010
301118015,38,chi,0,2010
301121004,18,cin,1,2010
301121004,81,buf,0,2010
301121006,85,dal,1,2010
301121006,71,det,0,2010
301121010,12,ten,1,2010
301121010,25,wsh,0,2010
301121012,77,kc,1,2010
301121012,59,ari,0,2010
301121014,50,stl,1,2010
301121014,67,atl,0,2010
301121016,86,min,1,2010
301121016,58,gb,0,2010
301121017,2,ne,1,2010
301121017,76,ind,0,2010
301121018,42,no,1,2010
301121018,83,sea,0,2010
301121020,72,nyj,1,2010
301121020,56,hou,0,2010
301121021,23,phi,1,2010
301121021,35,nyg,0,2010
301121023,63,pit,1,2010
301121023,69,oak,0,2010
301121025,70,sf,1,2010
301121025,75,tb,0,2010
301121029,13,car,1,2010
301121029,68,bal,0,2010
301121030,5,jac,1,2010
301121030,54,cle,0,2010
301122024,44,sd,1,2010
301122024,73,den,0,2010
301125006,85,dal,1,2010
301125006,42,no,0,2010
301125008,71,det,1,2010
301125008,2,ne,0,2010
301125020,72,nyj,1,2010
301125020,18,cin,0,2010
301128001,67,atl,1,2010
301128001,58,gb,0,2010
301128002,81,buf,1,2010
301128002,63,pit,0,2010
301128003,38,chi,1,2010
301128003,23,phi,0,2010
301128005,54,cle,1,2010
301128005,13,car,0,2010
301128007,73,den,1,2010
301128007,50,stl,0,2010
301128011,76,ind,1,2010
301128011,44,sd,0,2010
301128013,69,oak,1,2010
301128013,65,mia,0,2010
301128019,35,nyg,1,2010
301128019,5,jac,0,2010
301128026,83,sea,1,2010
301128026,77,kc,0,2010
301128028,25,wsh,1,2010
301128028,86,min,0,2010
301128033,68,bal,1,2010
301128033,75,tb,0,2010
301128034,56,hou,1,2010
301128034,12,ten,0,2010
301129022,59,ari,1,2010
301129022,70,sf,0,2010
301202021,23,phi,1,2010
301202021,56,hou,0,2010
301205004,18,cin,1,2010
301205004,42,no,0,2010
301205008,71,det,1,2010
301205008,38,chi,0,2010
301205009,58,gb,1,2010
301205009,70,sf,0,2010
301205010,12,ten,1,2010
301205010,5,jac,0,2010
301205011,76,ind,1,2010
301205011,85,dal,0,2010
301205012,77,kc,1,2010
301205012,73,den,0,2010
301205015,65,mia,1,2010
301205015,54,cle,0,2010
301205016,86,min,1,2010
301205016,81,buf,0,2010
301205019,35,nyg,1,2010
301205019,25,wsh,0,2010
301205022,59,ari,1,2010
301205022,50,stl,0,2010
301205024,44,sd,1,2010
301205024,69,oak,0,2010
301205026,83,sea,1,2010
301205026,13,car,0,2010
301205027,75,tb,1,2010
301205027,67,atl,0,2010
301205033,68,bal,1,2010
301205033,63,pit,0,2010
301206017,2,ne,1,2010
301206017,72,nyj,0,2010
301209010,12,ten,1,2010
301209010,76,ind,0,2010
301212002,81,buf,1,2010
301212002,54,cle,0,2010
301212003,38,chi,1,2010
301212003,2,ne,0,2010
301212006,85,dal,1,2010
301212006,23,phi,0,2010
301212008,71,det,1,2010
301212008,58,gb,0,2010
301212018,42,no,1,2010
301212018,50,stl,0,2010
301212020,72,nyj,1,2010
301212020,65,mia,0,2010
301212022,59,ari,1,2010
301212022,73,den,0,2010
301212023,63,pit,1,2010
301212023,18,cin,0,2010
301212024,44,sd,1,2010
301212024,77,kc,0,2010
301212025,70,sf,1,2010
301212025,83,sea,0,2010
301212028,25,wsh,1,2010
301212028,75,tb,0,2010
301212029,13,car,1,2010
301212029,67,atl,0,2010
301212030,5,jac,1,2010
301212030,69,oak,0,2010
301213016,86,min,1,2010
301213016,35,nyg,0,2010
301213034,56,hou,1,2010
301213034,68,bal,0,2010
301216024,44,sd,1,2010
301216024,70,sf,0,2010
301219004,18,cin,1,2010
301219004,54,cle,0,2010
301219006,85,dal,1,2010
301219006,25,wsh,0,2010
301219010,12,ten,1,2010
301219010,56,hou,0,2010
301219011,76,ind,1,2010
301219011,5,jac,0,2010
301219013,69,oak,1,2010
301219013,73,den,0,2010
301219014,50,stl,1,2010
301219014,77,kc,0,2010
301219015,65,mia,1,2010
301219015,81,buf,0,2010
301219017,2,ne,1,2010
301219017,58,gb,0,2010
301219019,35,nyg,1,2010
301219019,23,phi,0,2010
301219023,63,pit,1,2010
301219023,72,nyj,0,2010
301219026,83,sea,1,2010
301219026,67,atl,0,2010
301219027,75,tb,1,2010
301219027,71,det,0,2010
301219029,13,car,1,2010
301219029,59,ari,0,2010
301219033,68,bal,1,2010
301219033,42,no,0,2010
301220016,86,min,1,2010
301220016,38,chi,0,2010
301223023,63,pit,1,2010
301223023,13,car,0,2010
301225022,59,ari,1,2010
301225022,85,dal,0,2010
301226002,81,buf,1,2010
301226002,2,ne,0,2010
301226003,38,chi,1,2010
301226003,72,nyj,0,2010
301226004,18,cin,1,2010
301226004,44,sd,0,2010
301226005,54,cle,1,2010
301226005,68,bal,0,2010
301226007,73,den,1,2010
301226007,56,hou,0,2010
301226009,58,gb,1,2010
301226009,35,nyg,0,2010
301226012,77,kc,1,2010
301226012,12,ten,0,2010
301226013,69,oak,1,2010
301226013,76,ind,0,2010
301226014,50,stl,1,2010
301226014,70,sf,0,2010
301226015,65,mia,1,2010
301226015,71,det,0,2010
301226027,75,tb,1,2010
301226027,83,sea,0,2010
301226030,5,jac,1,2010
301226030,25,wsh,0,2010
301227001,67,atl,1,2010
301227001,42,no,0,2010
301228021,23,phi,1,2010
301228021,86,min,0,2010
310102001,67,atl,1,2010
310102001,13,car,0,2010
310102005,54,cle,1,2010
310102005,63,pit,0,2010
310102007,73,den,1,2010
310102007,44,sd,0,2010
310102008,71,det,1,2010
310102008,86,min,0,2010
310102009,58,gb,1,2010
310102009,38,chi,0,2010
310102011,76,ind,1,2010
310102011,12,ten,0,2010
310102012,77,kc,1,2010
310102012,69,oak,0,2010
310102017,2,ne,1,2010
310102017,65,mia,0,2010
310102018,42,no,1,2010
310102018,75,tb,0,2010
310102020,72,nyj,1,2010
310102020,81,buf,0,2010
310102021,23,phi,1,2010
310102021,85,dal,0,2010
310102025,70,sf,1,2010
310102025,59,ari,0,2010
310102026,83,sea,1,2010
310102026,50,stl,0,2010
310102028,25,wsh,1,2010
310102028,35,nyg,0,2010
310102033,68,bal,1,2010
310102033,18,cin,0,2010
310102034,56,hou,1,2010
310102034,5,jac,0,2010
310108011,76,ind,1,2010
310108011,72,nyj,0,2010
310108026,83,sea,1,2010
310108026,42,no,0,2010
310109012,77,kc,1,2010
310109012,68,bal,0,2010
310109021,23,phi,1,2010
310109021,58,gb,0,2010
310115001,67,atl,1,2010
310115001,58,gb,0,2010
310115023,63,pit,1,2010
310115023,68,bal,0,2010
310116003,38,chi,1,2010
310116003,83,sea,0,2010
310116017,2,ne,1,2010
310116017,72,nyj,0,2010
310123003,38,chi,1,2010
310123003,58,gb,0,2010
310123023,63,pit,1,2010
310123023,72,nyj,0,2010
310206009,58,gb,1,2010
310206009,63,pit,0,2010
310908009,58,gb,1,2011
310908009,42,no,0,2011
310911003,38,chi,1,2011
310911003,67,atl,0,2011
310911005,92,cle,1,2011
310911005,18,cin,0,2011
310911012,77,kc,1,2011
310911012,81,buf,0,2011
310911014,50,stl,1,2011
310911014,23,phi,0,2011
310911020,72,nyj,1,2011
310911020,85,dal,0,2011
310911022,59,ari,1,2011
310911022,90,car,0,2011
310911024,44,sd,1,2011
310911024,86,min,0,2011
310911025,91,sf,1,2011
310911025,83,sea,0,2011
310911027,75,tb,1,2011
310911027,71,det,0,2011
310911028,25,wsh,1,2011
310911028,35,nyg,0,2011
310911030,5,jac,1,2011
310911030,94,ten,0,2011
310911033,68,bal,1,2011
310911033,63,pit,0,2011
310911034,56,hou,1,2011
310911034,76,ind,0,2011
310912007,13,den,1,2011
310912007,69,oak,0,2011
310912015,65,mia,1,2011
310912015,2,ne,0,2011
310918001,67,atl,1,2011
310918001,23,phi,0,2011
310918002,81,buf,1,2011
310918002,69,oak,0,2011
310918007,13,den,1,2011
310918007,18,cin,0,2011
310918008,71,det,1,2011
310918008,77,kc,0,2011
310918010,94,ten,1,2011
310918010,68,bal,0,2011
310918011,76,ind,1,2011
310918011,92,cle,0,2011
310918015,65,mia,1,2011
310918015,56,hou,0,2011
310918016,86,min,1,2011
310918016,75,tb,0,2011
310918017,2,ne,1,2011
310918017,44,sd,0,2011
310918018,42,no,1,2011
310918018,38,chi,0,2011
310918020,72,nyj,1,2011
310918020,5,jac,0,2011
310918023,63,pit,1,2011
310918023,83,sea,0,2011
310918025,91,sf,1,2011
310918025,85,dal,0,2011
310918028,25,wsh,1,2011
310918028,59,ari,0,2011
310918029,90,car,1,2011
310918029,58,gb,0,2011
310919019,35,nyg,1,2011
310919019,50,stl,0,2011
310925002,81,buf,1,2011
310925002,2,ne,0,2011
310925003,38,chi,1,2011
310925003,58,gb,0,2011
310925004,18,cin,1,2011
310925004,91,sf,0,2011
310925005,92,cle,1,2011
310925005,65,mia,0,2011
310925010,94,ten,1,2011
310925010,13,den,0,2011
310925011,76,ind,1,2011
310925011,63,pit,0,2011
310925013,69,oak,1,2011
310925013,72,nyj,0,2011
310925014,50,stl,1,2011
310925014,68,bal,0,2011
310925016,86,min,1,2011
310925016,71,det,0,2011
310925018,42,no,1,2011
310925018,56,hou,0,2011
310925021,23,phi,1,2011
310925021,35,nyg,0,2011
310925024,44,sd,1,2011
310925024,77,kc,0,2011
310925026,83,sea,1,2011
310925026,59,ari,0,2011
310925027,75,tb,1,2011
310925027,67,atl,0,2011
310925029,90,car,1,2011
310925029,5,jac,0,2011
310926006,85,dal,1,2011
310926006,25,wsh,0,2011
311002003,38,chi,1,2011
311002003,90,car,0,2011
311002004,18,cin,1,2011
311002004,81,buf,0,2011
311002005,92,cle,1,2011
311002005,94,ten,0,2011
311002006,85,dal,1,2011
311002006,71,det,0,2011
311002009,58,gb,1,2011
311002009,13,den,0,2011
311002012,77,kc,1,2011
311002012,86,min,0,2011
311002013,69,oak,1,2011
311002013,2,ne,0,2011
311002014,50,stl,1,2011
311002014,25,wsh,0,2011
311002021,23,phi,1,2011
311002021,91,sf,0,2011
311002022,59,ari,1,2011
311002022,35,nyg,0,2011
311002024,44,sd,1,2011
311002024,65,mia,0,2011
311002026,83,sea,1,2011
311002026,67,atl,0,2011
311002030,5,jac,1,2011
311002030,42,no,0,2011
311002033,68,bal,1,2011
311002033,72,nyj,0,2011
311002034,56,hou,1,2011
311002034,63,pit,0,2011
311003027,75,tb,1,2011
311003027,76,ind,0,2011
311009001,67,atl,1,2011
311009001,58,gb,0,2011
311009002,81,buf,1,2011
311009002,23,phi,0,2011
311009007,13,den,1,2011
311009007,44,sd,0,2011
311009011,76,ind,1,2011
311009011,77,kc,0,2011
311009016,86,min,1,2011
311009016,59,ari,0,2011
311009017,2,ne,1,2011
311009017,72,nyj,0,2011
311009019,35,nyg,1,2011
311009019,83,sea,0,2011
311009023,63,pit,1,2011
311009023,94,ten,0,2011
311009025,91,sf,1,2011
311009025,75,tb,0,2011
311009029,90,car,1,2011
311009029,42,no,0,2011
311009030,5,jac,1,2011
311009030,18,cin,0,2011
311009034,56,hou,1,2011
311009034,69,oak,0,2011
311010008,71,det,1,2011
311010008,38,chi,0,2011
311016001,67,atl,1,2011
311016001,90,car,0,2011
311016003,38,chi,1,2011
311016003,86,min,0,2011
311016004,18,cin,1,2011
311016004,76,ind,0,2011
311016008,71,det,1,2011
311016008,91,sf,0,2011
311016009,58,gb,1,2011
311016009,50,stl,0,2011
311016013,69,oak,1,2011
311016013,92,cle,0,2011
311016017,2,ne,1,2011
311016017,85,dal,0,2011
311016019,35,nyg,1,2011
311016019,81,buf,0,2011
311016023,63,pit,1,2011
311016023,5,jac,0,2011
311016027,75,tb,1,2011
311016027,42,no,0,2011
311016028,25,wsh,1,2011
311016028,23,phi,0,2011
311016033,68,bal,1,2011
311016033,56,hou,0,2011
311017020,72,nyj,1,2011
311017020,65,mia,0,2011
311023005,92,cle,1,2011
311023005,83,sea,0,2011
311023006,85,dal,1,2011
311023006,50,stl,0,2011
311023008,71,det,1,2011
311023008,67,atl,0,2011
311023010,94,ten,1,2011
311023010,56,hou,0,2011
311023013,69,oak,1,2011
311023013,77,kc,0,2011
311023015,65,mia,1,2011
311023015,13,den,0,2011
311023016,86,min,1,2011
311023016,58,gb,0,2011
311023018,42,no,1,2011
311023018,76,ind,0,2011
311023020,72,nyj,1,2011
311023020,44,sd,0,2011
311023022,59,ari,1,2011
311023022,63,pit,0,2011
311023027,75,tb,1,2011
311023027,38,chi,0,2011
311023029,90,car,1,2011
311023029,25,wsh,0,2011
311024030,5,jac,1,2011
311024030,68,bal,0,2011
311030002,81,buf,1,2011
311030002,25,wsh,0,2011
311030007,13,den,1,2011
311030007,71,det,0,2011
311030010,94,ten,1,2011
311030010,76,ind,0,2011
311030014,50,stl,1,2011
311030014,42,no,0,2011
311030019,35,nyg,1,2011
311030019,65,mia,0,2011
311030021,23,phi,1,2011
311030021,85,dal,0,2011
311030023,63,pit,1,2011
311030023,2,ne,0,2011
311030025,91,sf,1,2011
311030025,92,cle,0,2011
311030026,83,sea,1,2011
311030026,18,cin,0,2011
311030029,90,car,1,2011
311030029,86,min,0,2011
311030033,68,bal,1,2011
311030033,59,ari,0,2011
311030034,56,hou,1,2011
311030034,5,jac,0,2011
311031012,77,kc,1,2011
311031012,44,sd,0,2011
311106002,81,buf,1,2011
311106002,72,nyj,0,2011
311106006,85,dal,1,2011
311106006,83,sea,0,2011
311106010,94,ten,1,2011
311106010,18,cin,0,2011
311106011,76,ind,1,2011
311106011,67,atl,0,2011
311106012,77,kc,1,2011
311106012,65,mia,0,2011
311106013,69,oak,1,2011
311106013,13,den,0,2011
311106017,2,ne,1,2011
311106017,35,nyg,0,2011
311106018,42,no,1,2011
311106018,75,tb,0,2011
311106022,59,ari,1,2011
311106022,50,stl,0,2011
311106023,63,pit,1,2011
311106023,68,bal,0,2011
311106024,44,sd,1,2011
311106024,58,gb,0,2011
311106028,25,wsh,1,2011
311106028,91,sf,0,2011
311106034,56,hou,1,2011
311106034,92,cle,0,2011
311107021,23,phi,1,2011
311107021,38,chi,0,2011
311110024,44,sd,1,2011
311110024,69,oak,0,2011
311113001,67,atl,1,2011
311113001,42,no,0,2011
311113003,38,chi,1,2011
311113003,71,det,0,2011
311113004,18,cin,1,2011
311113004,63,pit,0,2011
311113005,92,cle,1,2011
311113005,50,stl,0,2011
311113006,85,dal,1,2011
311113006,81,buf,0,2011
311113011,76,ind,1,2011
311113011,5,jac,0,2011
311113012,77,kc,1,2011
311113012,13,den,0,2011
311113015,65,mia,1,2011
311113015,25,wsh,0,2011
311113020,72,nyj,1,2011
311113020,2,ne,0,2011
311113021,23,phi,1,2011
311113021,59,ari,0,2011
311113025,91,sf,1,2011
311113025,35,nyg,0,2011
311113026,83,sea,1,2011
311113026,68,bal,0,2011
311113027,75,tb,1,2011
311113027,56,hou,0,2011
311113029,90,car,1,2011
311113029,94,ten,0,2011
311114009,58,gb,1,2011
311114009,86,min,0,2011
311117007,13,den,1,2011
311117007,72,nyj,0,2011
311120001,67,atl,1,2011
311120001,94,ten,0,2011
311120003,38,chi,1,2011
311120003,44,sd,0,2011
311120005,92,cle,1,2011
311120005,5,jac,0,2011
311120008,71,det,1,2011
311120008,90,car,0,2011
311120009,58,gb,1,2011
311120009,75,tb,0,2011
311120014,50,stl,1,2011
311120014,83,sea,0,2011
311120015,65,mia,1,2011
311120015,81,buf,0,2011
311120016,86,min,1,2011
311120016,69,oak,0,2011
311120019,35,nyg,1,2011
311120019,23,phi,0,2011
311120025,91,sf,1,2011
311120025,59,ari,0,2011
311120028,25,wsh,1,2011
311120028,85,dal,0,2011
311120033,68,bal,1,2011
311120033,18,cin,0,2011
311121017,2,ne,1,2011
311121017,77,kc,0,2011
311124006,85,dal,1,2011
311124006,65,mia,0,2011
311124008,71,det,1,2011
311124008,58,gb,0,2011
311124033,68,bal,1,2011
311124033,91,sf,0,2011
311127001,67,atl,1,2011
311127001,86,min,0,2011
311127004,18,cin,1,2011
311127004,92,cle,0,2011
311127010,94,ten,1,2011
311127010,75,tb,0,2011
311127011,76,ind,1,2011
311127011,90,car,0,2011
311127012,77,kc,1,2011
311127012,63,pit,0,2011
311127013,69,oak,1,2011
311127013,38,chi,0,2011
311127014,50,stl,1,2011
311127014,59,ari,0,2011
311127020,72,nyj,1,2011
311127020,81,buf,0,2011
311127021,23,phi,1,2011
311127021,2,ne,0,2011
311127024,44,sd,1,2011
311127024,13,den,0,2011
311127026,83,sea,1,2011
311127026,25,wsh,0,2011
311127030,5,jac,1,2011
311127030,56,hou,0,2011
311128018,42,no,1,2011
311128018,35,nyg,0,2011
311201026,83,sea,1,2011
311201026,23,phi,0,2011
311204002,81,buf,1,2011
311204002,94,ten,0,2011
311204003,38,chi,1,2011
311204003,77,kc,0,2011
311204005,92,cle,1,2011
311204005,68,bal,0,2011
311204015,65,mia,1,2011
311204015,69,oak,0,2011
311204016,86,min,1,2011
311204016,13,den,0,2011
311204017,2,ne,1,2011
311204017,76,ind,0,2011
311204018,42,no,1,2011
311204018,71,det,0,2011
311204019,35,nyg,1,2011
311204019,58,gb,0,2011
311204022,59,ari,1,2011
311204022,85,dal,0,2011
311204023,63,pit,1,2011
311204023,18,cin,0,2011
311204025,91,sf,1,2011
311204025,50,stl,0,2011
311204027,75,tb,1,2011
311204027,90,car,0,2011
311204028,25,wsh,1,2011
311204028,72,nyj,0,2011
311204034,56,hou,1,2011
311204034,67,atl,0,2011
311205030,5,jac,1,2011
311205030,44,sd,0,2011
311208023,63,pit,1,2011
311208023,92,cle,0,2011
311211004,18,cin,1,2011
311211004,56,hou,0,2011
311211006,85,dal,1,2011
311211006,35,nyg,0,2011
311211007,13,den,1,2011
311211007,38,chi,0,2011
311211008,71,det,1,2011
311211008,86,min,0,2011
311211009,58,gb,1,2011
311211009,69,oak,0,2011
311211010,94,ten,1,2011
311211010,42,no,0,2011
311211015,65,mia,1,2011
311211015,23,phi,0,2011
311211020,72,nyj,1,2011
311211020,77,kc,0,2011
311211022,59,ari,1,2011
311211022,91,sf,0,2011
311211024,44,sd,1,2011
311211024,81,buf,0,2011
311211028,25,wsh,1,2011
311211028,2,ne,0,2011
311211029,90,car,1,2011
311211029,67,atl,0,2011
311211030,5,jac,1,2011
311211030,75,tb,0,2011
311211033,68,bal,1,2011
311211033,76,ind,0,2011
311212026,83,sea,1,2011
311212026,50,stl,0,2011
311215001,67,atl,1,2011
311215001,5,jac,0,2011
311217027,75,tb,1,2011
311217027,85,dal,0,2011
311218002,81,buf,1,2011
311218002,65,mia,0,2011
311218003,38,chi,1,2011
311218003,83,sea,0,2011
311218007,13,den,1,2011
311218007,2,ne,0,2011
311218011,76,ind,1,2011
311218011,94,ten,0,2011
311218012,77,kc,1,2011
311218012,58,gb,0,2011
311218013,69,oak,1,2011
311218013,71,det,0,2011
311218014,50,stl,1,2011
311218014,18,cin,0,2011
311218016,86,min,1,2011
311218016,42,no,0,2011
311218019,35,nyg,1,2011
311218019,25,wsh,0,2011
311218021,23,phi,1,2011
311218021,72,nyj,0,2011
311218022,59,ari,1,2011
311218022,92,cle,0,2011
311218024,44,sd,1,2011
311218024,68,bal,0,2011
311218034,56,hou,1,2011
311218034,90,car,0,2011
311219025,91,sf,1,2011
311219025,63,pit,0,2011
311222011,76,ind,1,2011
311222011,56,hou,0,2011
311224002,81,buf,1,2011
311224002,13,den,0,2011
311224004,18,cin,1,2011
311224004,59,ari,0,2011
311224006,85,dal,1,2011
311224006,23,phi,0,2011
311224008,71,det,1,2011
311224008,44,sd,0,2011
311224010,94,ten,1,2011
311224010,5,jac,0,2011
311224012,77,kc,1,2011
311224012,69,oak,0,2011
311224017,2,ne,1,2011
311224017,65,mia,0,2011
311224020,72,nyj,1,2011
311224020,35,nyg,0,2011
311224023,63,pit,1,2011
311224023,50,stl,0,2011
311224026,83,sea,1,2011
311224026,91,sf,0,2011
311224028,25,wsh,1,2011
311224028,86,min,0,2011
311224029,90,car,1,2011
311224029,75,tb,0,2011
311224033,68,bal,1,2011
311224033,92,cle,0,2011
311225009,58,gb,1,2011
311225009,38,chi,0,2011
311226018,42,no,1,2011
311226018,67,atl,0,2011
320101001,67,atl,1,2011
320101001,75,tb,0,2011
320101004,18,cin,1,2011
320101004,68,bal,0,2011
320101005,92,cle,1,2011
320101005,63,pit,0,2011
320101007,13,den,1,2011
320101007,77,kc,0,2011
320101009,58,gb,1,2011
320101009,71,det,0,2011
320101013,69,oak,1,2011
320101013,44,sd,0,2011
320101014,50,stl,1,2011
320101014,91,sf,0,2011
320101015,65,mia,1,2011
320101015,72,nyj,0,2011
320101016,86,min,1,2011
320101016,38,chi,0,2011
320101017,2,ne,1,2011
320101017,81,buf,0,2011
320101018,42,no,1,2011
320101018,90,car,0,2011
320101019,35,nyg,1,2011
320101019,85,dal,0,2011
320101021,23,phi,1,2011
320101021,25,wsh,0,2011
320101022,59,ari,1,2011
320101022,83,sea,0,2011
320101030,5,jac,1,2011
320101030,76,ind,0,2011
320101034,56,hou,1,2011
320101034,94,ten,0,2011
320107018,42,no,1,2011
320107018,71,det,0,2011
320107034,56,hou,1,2011
320107034,18,cin,0,2011
320108007,13,den,1,2011
320108007,63,pit,0,2011
320108019,35,nyg,1,2011
320108019,67,atl,0,2011
320114017,2,ne,1,2011
320114017,13,den,0,2011
320114025,91,sf,1,2011
320114025,42,no,0,2011
320115009,58,gb,1,2011
320115009,35,nyg,0,2011
320115033,68,bal,1,2011
320115033,56,hou,0,2011
320122017,2,ne,1,2011
320122017,68,bal,0,2011
320122025,91,sf,1,2011
320122025,35,nyg,0,2011
320205017,2,ne,1,2011
320205017,35,nyg,0,2011
320905019,35,nyg,1,2012
320905019,85,dal,0,2012
320909003,38,chi,1,2012
320909003,99,ind,0,2012
320909005,92,cle,1,2012
320909005,23,phi,0,2012
320909007,13,den,1,2012
320909007,63,pit,0,2012
320909008,71,det,1,2012
320909008,12,stl,0,2012
320909009,58,gb,1,2012
320909009,91,sf,0,2012
320909010,94,ten,1,2012
320909010,2,ne,0,2012
320909012,49,kc,1,2012
320909012,67,atl,0,2012
320909016,86,min,1,2012
320909016,43,jac,0,2012
320909018,50,no,1,2012
320909018,25,wsh,0,2012
320909020,72,nyj,1,2012
320909020,81,buf,0,2012
320909022,59,ari,1,2012
320909022,83,sea,0,2012
320909027,100,tb,1,2012
320909027,90,car,0,2012
320909034,56,hou,1,2012
320909034,97,mia,0,2012
320910013,98,oak,1,2012
320910013,44,sd,0,2012
320910033,68,bal,1,2012
320910033,18,cin,0,2012
320913009,58,gb,1,2012
320913009,38,chi,0,2012
320916002,81,buf,1,2012
320916002,49,kc,0,2012
320916004,18,cin,1,2012
320916004,92,cle,0,2012
320916011,99,ind,1,2012
320916011,86,min,0,2012
320916014,12,stl,1,2012
320916014,25,wsh,0,2012
320916015,97,mia,1,2012
320916015,98,oak,0,2012
320916017,2,ne,1,2012
320916017,59,ari,0,2012
320916019,35,nyg,1,2012
320916019,100,tb,0,2012
320916021,23,phi,1,2012
320916021,68,bal,0,2012
320916023,63,pit,1,2012
320916023,72,nyj,0,2012
320916024,44,sd,1,2012
320916024,94,ten,0,2012
320916025,91,sf,1,2012
320916025,71,det,0,2012
320916026,83,sea,1,2012
320916026,85,dal,0,2012
320916029,90,car,1,2012
320916029,50,no,0,2012
320916030,43,jac,1,2012
320916030,56,hou,0,2012
320917001,67,atl,1,2012
320917001,13,den,0,2012
320920029,90,car,1,2012
320920029,35,nyg,0,2012
320923003,38,chi,1,2012
320923003,12,stl,0,2012
320923005,92,cle,1,2012
320923005,81,buf,0,2012
320923006,85,dal,1,2012
320923006,100,tb,0,2012
320923007,13,den,1,2012
320923007,56,hou,0,2012
320923010,94,ten,1,2012
320923010,71,det,0,2012
320923011,99,ind,1,2012
320923011,43,jac,0,2012
320923013,98,oak,1,2012
320923013,63,pit,0,2012
320923015,97,mia,1,2012
320923015,72,nyj,0,2012
320923016,86,min,1,2012
320923016,91,sf,0,2012
320923018,50,no,1,2012
320923018,49,kc,0,2012
320923022,59,ari,1,2012
320923022,23,phi,0,2012
320923024,44,sd,1,2012
320923024,67,atl,0,2012
320923028,25,wsh,1,2012
320923028,18,cin,0,2012
320923033,68,bal,1,2012
320923033,2,ne,0,2012
320924026,83,sea,1,2012
320924026,58,gb,0,2012
320927033,68,bal,1,2012
320927033,92,cle,0,2012
320930001,67,atl,1,2012
320930001,90,car,0,2012
320930002,81,buf,1,2012
320930002,2,ne,0,2012
320930007,13,den,1,2012
320930007,98,oak,0,2012
320930008,71,det,1,2012
320930008,86,min,0,2012
320930009,58,gb,1,2012
320930009,50,no,0,2012
320930012,49,kc,1,2012
320930012,44,sd,0,2012
320930014,12,stl,1,2012
320930014,83,sea,0,2012
320930020,72,nyj,1,2012
320930020,91,sf,0,2012
320930021,23,phi,1,2012
320930021,35,nyg,0,2012
320930022,59,ari,1,2012
320930022,97,mia,0,2012
320930027,100,tb,1,2012
320930027,25,wsh,0,2012
320930030,43,jac,1,2012
320930030,18,cin,0,2012
320930034,56,hou,1,2012
320930034,94,ten,0,2012
321001006,85,dal,1,2012
321001006,38,chi,0,2012
321004014,12,stl,1,2012
321004014,59,ari,0,2012
321007004,18,cin,1,2012
321007004,97,mia,0,2012
321007011,99,ind,1,2012
321007011,58,gb,0,2012
321007012,49,kc,1,2012
321007012,68,bal,0,2012
321007016,86,min,1,2012
321007016,94,ten,0,2012
321007017,2,ne,1,2012
321007017,13,den,0,2012
321007018,50,no,1,2012
321007018,44,sd,0,2012
321007019,35,nyg,1,2012
321007019,92,cle,0,2012
321007023,63,pit,1,2012
321007023,23,phi,0,2012
321007025,91,sf,1,2012
321007025,81,buf,0,2012
321007028,25,wsh,1,2012
321007028,67,atl,0,2012
321007029,90,car,1,2012
321007029,83,sea,0,2012
321007030,43,jac,1,2012
321007030,38,chi,0,2012
321008020,72,nyj,1,2012
321008020,56,hou,0,2012
321011010,94,ten,1,2012
321011010,63,pit,0,2012
321014001,67,atl,1,2012
321014001,98,oak,0,2012
321014005,92,cle,1,2012
321014005,18,cin,0,2012
321014015,97,mia,1,2012
321014015,12,stl,0,2012
321014020,72,nyj,1,2012
321014020,99,ind,0,2012
321014021,23,phi,1,2012
321014021,71,det,0,2012
321014022,59,ari,1,2012
321014022,81,buf,0,2012
321014025,91,sf,1,2012
321014025,35,nyg,0,2012
321014026,83,sea,1,2012
321014026,2,ne,0,2012
321014027,100,tb,1,2012
321014027,49,kc,0,2012
321014028,25,wsh,1,2012
321014028,86,min,0,2012
321014033,68,bal,1,2012
321014033,85,dal,0,2012
321014034,56,hou,1,2012
321014034,58,gb,0,2012
321015024,44,sd,1,2012
321015024,13,den,0,2012
321018025,91,sf,1,2012
321018025,83,sea,0,2012
321021002,81,buf,1,2012
321021002,94,ten,0,2012
321021004,18,cin,1,2012
321021004,63,pit,0,2012
321021011,99,ind,1,2012
321021011,92,cle,0,2012
321021013,98,oak,1,2012
321021013,43,jac,0,2012
321021014,12,stl,1,2012
321021014,58,gb,0,2012
321021016,86,min,1,2012
321021016,59,ari,0,2012
321021017,2,ne,1,2012
321021017,72,nyj,0,2012
321021019,35,nyg,1,2012
321021019,25,wsh,0,2012
321021027,100,tb,1,2012
321021027,50,no,0,2012
321021029,90,car,1,2012
321021029,85,dal,0,2012
321021034,56,hou,1,2012
321021034,68,bal,0,2012
321022003,38,chi,1,2012
321022003,71,det,0,2012
321025016,86,min,1,2012
321025016,100,tb,0,2012
321028003,38,chi,1,2012
321028003,90,car,0,2012
321028005,92,cle,1,2012
321028005,44,sd,0,2012
321028006,85,dal,1,2012
321028006,35,nyg,0,2012
321028007,13,den,1,2012
321028007,50,no,0,2012
321028008,71,det,1,2012
321028008,83,sea,0,2012
321028009,58,gb,1,2012
321028009,43,jac,0,2012
321028010,94,ten,1,2012
321028010,99,ind,0,2012
321028012,49,kc,1,2012
321028012,98,oak,0,2012
321028014,12,stl,1,2012
321028014,2,ne,0,2012
321028020,72,nyj,1,2012
321028020,97,mia,0,2012
321028021,23,phi,1,2012
321028021,67,atl,0,2012
321028023,63,pit,1,2012
321028023,25,wsh,0,2012
321029022,59,ari,1,2012
321029022,91,sf,0,2012
321101024,44,sd,1,2012
321101024,49,kc,0,2012
321104001,67,atl,1,2012
321104001,85,dal,0,2012
321104004,18,cin,1,2012
321104004,13,den,0,2012
321104005,92,cle,1,2012
321104005,68,bal,0,2012
321104009,58,gb,1,2012
321104009,59,ari,0,2012
321104010,94,ten,1,2012
321104010,38,chi,0,2012
321104011,99,ind,1,2012
321104011,97,mia,0,2012
321104013,98,oak,1,2012
321104013,100,tb,0,2012
321104019,35,nyg,1,2012
321104019,63,pit,0,2012
321104026,83,sea,1,2012
321104026,86,min,0,2012
321104028,25,wsh,1,2012
321104028,90,car,0,2012
321104030,43,jac,1,2012
321104030,71,det,0,2012
321104034,56,hou,1,2012
321104034,81,buf,0,2012
321105018,50,no,1,2012
321105018,23,phi,0,2012
321108030,43,jac,1,2012
321108030,99,ind,0,2012
321111003,38,chi,1,2012
321111003,56,hou,0,2012
321111004,18,cin,1,2012
321111004,35,nyg,0,2012
321111015,97,mia,1,2012
321111015,94,ten,0,2012
321111016,86,min,1,2012
321111016,71,det,0,2012
321111017,2,ne,1,2012
321111017,81,buf,0,2012
321111018,50,no,1,2012
321111018,67,atl,0,2012
321111021,23,phi,1,2012
321111021,85,dal,0,2012
321111025,91,sf,1,2012
321111025,12,stl,0,2012
321111026,83,sea,1,2012
321111026,72,nyj,0,2012
321111027,100,tb,1,2012
321111027,44,sd,0,2012
321111029,90,car,1,2012
321111029,13,den,0,2012
321111033,68,bal,1,2012
321111033,98,oak,0,2012
321112023,63,pit,1,2012
321112023,49,kc,0,2012
321115002,81,buf,1,2012
321115002,97,mia,0,2012
321118001,67,atl,1,2012
321118001,59,ari,0,2012
321118006,85,dal,1,2012
321118006,92,cle,0,2012
321118007,13,den,1,2012
321118007,44,sd,0,2012
321118008,71,det,1,2012
321118008,58,gb,0,2012
321118012,49,kc,1,2012
321118012,18,cin,0,2012
321118013,98,oak,1,2012
321118013,50,no,0,2012
321118014,12,stl,1,2012
321118014,72,nyj,0,2012
321118017,2,ne,1,2012
321118017,99,ind,0,2012
321118023,63,pit,1,2012
321118023,68,bal,0,2012
321118028,25,wsh,1,2012
321118028,23,phi,0,2012
321118029,90,car,1,2012
321118029,100,tb,0,2012
321118034,56,hou,1,2012
321118034,43,jac,0,2012
321119025,91,sf,1,2012
321119025,38,chi,0,2012
321122006,85,dal,1,2012
321122006,25,wsh,0,2012
321122008,71,det,1,2012
321122008,56,hou,0,2012
321122020,72,nyj,1,2012
321122020,2,ne,0,2012
321125003,38,chi,1,2012
321125003,86,min,0,2012
321125004,18,cin,1,2012
321125004,98,oak,0,2012
321125005,92,cle,1,2012
321125005,63,pit,0,2012
321125011,99,ind,1,2012
321125011,81,buf,0,2012
321125012,49,kc,1,2012
321125012,13,den,0,2012
321125015,97,mia,1,2012
321125015,83,sea,0,2012
321125018,50,no,1,2012
321125018,91,sf,0,2012
321125019,35,nyg,1,2012
321125019,58,gb,0,2012
321125022,59,ari,1,2012
321125022,12,stl,0,2012
321125024,44,sd,1,2012
321125024,68,bal,0,2012
321125027,100,tb,1,2012
321125027,67,atl,0,2012
321125030,43,jac,1,2012
321125030,94,ten,0,2012
321126021,23,phi,1,2012
321126021,90,car,0,2012
321129001,67,atl,1,2012
321129001,50,no,0,2012
321202002,81,buf,1,2012
321202002,43,jac,0,2012
321202003,38,chi,1,2012
321202003,83,sea,0,2012
321202006,85,dal,1,2012
321202006,23,phi,0,2012
321202007,13,den,1,2012
321202007,100,tb,0,2012
321202008,71,det,1,2012
321202008,99,ind,0,2012
321202009,58,gb,1,2012
321202009,86,min,0,2012
321202010,94,ten,1,2012
321202010,56,hou,0,2012
321202012,49,kc,1,2012
321202012,90,car,0,2012
321202013,98,oak,1,2012
321202013,92,cle,0,2012
321202014,12,stl,1,2012
321202014,91,sf,0,2012
321202015,97,mia,1,2012
321202015,2,ne,0,2012
321202020,72,nyj,1,2012
321202020,59,ari,0,2012
321202024,44,sd,1,2012
321202024,18,cin,0,2012
321202033,68,bal,1,2012
321202033,63,pit,0,2012
321203028,25,wsh,1,2012
321203028,35,nyg,0,2012
321206013,98,oak,1,2012
321206013,13,den,0,2012
321209002,81,buf,1,2012
321209002,12,stl,0,2012
321209004,18,cin,1,2012
321209004,85,dal,0,2012
321209005,92,cle,1,2012
321209005,49,kc,0,2012
321209009,58,gb,1,2012
321209009,71,det,0,2012
321209011,99,ind,1,2012
321209011,94,ten,0,2012
321209016,86,min,1,2012
321209016,38,chi,0,2012
321209019,35,nyg,1,2012
321209019,50,no,0,2012
321209023,63,pit,1,2012
321209023,44,sd,0,2012
321209025,91,sf,1,2012
321209025,97,mia,0,2012
321209026,83,sea,1,2012
321209026,59,ari,0,2012
321209027,100,tb,1,2012
321209027,23,phi,0,2012
321209028,25,wsh,1,2012
321209028,68,bal,0,2012
321209029,90,car,1,2012
321209029,67,atl,0,2012
321209030,43,jac,1,2012
321209030,72,nyj,0,2012
321210017,2,ne,1,2012
321210017,56,hou,0,2012
321213021,23,phi,1,2012
321213021,18,cin,0,2012
321216001,67,atl,1,2012
321216001,35,nyg,0,2012
321216002,81,buf,1,2012
321216002,83,sea,0,2012
321216003,38,chi,1,2012
321216003,58,gb,0,2012
321216005,92,cle,1,2012
321216005,25,wsh,0,2012
321216006,85,dal,1,2012
321216006,63,pit,0,2012
321216013,98,oak,1,2012
321216013,49,kc,0,2012
321216014,12,stl,1,2012
321216014,86,min,0,2012
321216015,97,mia,1,2012
321216015,43,jac,0,2012
321216017,2,ne,1,2012
321216017,91,sf,0,2012
321216018,50,no,1,2012
321216018,100,tb,0,2012
321216022,59,ari,1,2012
321216022,71,det,0,2012
321216024,44,sd,1,2012
321216024,90,car,0,2012
321216033,68,bal,1,2012
321216033,13,den,0,2012
321216034,56,hou,1,2012
321216034,99,ind,0,2012
321217010,94,ten,1,2012
321217010,72,nyj,0,2012
321222008,71,det,1,2012
321222008,67,atl,0,2012
321223006,85,dal,1,2012
321223006,50,no,0,2012
321223007,13,den,1,2012
321223007,92,cle,0,2012
321223009,58,gb,1,2012
321223009,94,ten,0,2012
321223012,49,kc,1,2012
321223012,99,ind,0,2012
321223015,97,mia,1,2012
321223015,81,buf,0,2012
321223020,72,nyj,1,2012
321223020,44,sd,0,2012
321223021,23,phi,1,2012
321223021,25,wsh,0,2012
321223022,59,ari,1,2012
321223022,38,chi,0,2012
321223023,63,pit,1,2012
321223023,18,cin,0,2012
321223026,83,sea,1,2012
321223026,91,sf,0,2012
321223027,100,tb,1,2012
321223027,12,stl,0,2012
321223029,90,car,1,2012
321223029,98,oak,0,2012
321223030,43,jac,1,2012
321223030,2,ne,0,2012
321223033,68,bal,1,2012
321223033,35,nyg,0,2012
321223034,56,hou,1,2012
321223034,86,min,0,2012
321230001,67,atl,1,2012
321230001,100,tb,0,2012
321230002,81,buf,1,2012
321230002,72,nyj,0,2012
321230004,18,cin,1,2012
321230004,68,bal,0,2012
321230007,13,den,1,2012
321230007,49,kc,0,2012
321230008,71,det,1,2012
321230008,38,chi,0,2012
321230010,94,ten,1,2012
321230010,43,jac,0,2012
321230011,99,ind,1,2012
321230011,56,hou,0,2012
321230016,86,min,1,2012
321230016,58,gb,0,2012
321230017,2,ne,1,2012
321230017,97,mia,0,2012
321230018,50,no,1,2012
321230018,90,car,0,2012
321230019,35,nyg,1,2012
321230019,23,phi,0,2012
321230023,63,pit,1,2012
321230023,92,cle,0,2012
321230024,44,sd,1,2012
321230024,98,oak,0,2012
321230025,91,sf,1,2012
321230025,59,ari,0,2012
321230026,83,sea,1,2012
321230026,12,stl,0,2012
321230028,25,wsh,1,2012
321230028,85,dal,0,2012
330105009,58,gb,1,2012
330105009,86,min,0,2012
330105034,56,hou,1,2012
330105034,18,cin,0,2012
330106028,25,wsh,1,2012
330106028,83,sea,0,2012
330106033,68,bal,1,2012
330106033,99,ind,0,2012
330112007,13,den,1,2012
330112007,68,bal,0,2012
330112025,91,sf,1,2012
330112025,58,gb,0,2012
330113001,67,atl,1,2012
330113001,83,sea,0,2012
330113017,2,ne,1,2012
330113017,56,hou,0,2012
330120001,67,atl,1,2012
330120001,91,sf,0,2012
330120017,2,ne,1,2012
330120017,68,bal,0,2012
330203025,91,sf,1,2012
330203025,68,bal,0,2012
330905007,13,den,1,2013
330905007,68,bal,0,2013
330908002,105,buf,1,2013
330908002,2,ne,0,2013
330908003,102,chi,1,2013
330908003,18,cin,0,2013
330908005,101,cle,1,2013
330908005,97,mia,0,2013
330908006,85,dal,1,2013
330908006,35,nyg,0,2013
330908008,71,det,1,2013
330908008,86,min,0,2013
330908011,99,ind,1,2013
330908011,98,oak,0,2013
330908014,12,stl,1,2013
330908014,107,ari,0,2013
330908018,42,no,1,2013
330908018,67,atl,0,2013
330908020,72,nyj,1,2013
330908020,100,tb,0,2013
330908023,63,pit,1,2013
330908023,94,ten,0,2013
330908025,91,sf,1,2013
330908025,58,gb,0,2013
330908029,90,car,1,2013
330908029,83,sea,0,2013
330908030,108,jac,1,2013
330908030,23,kc,0,2013
330909024,44,sd,1,2013
330909024,56,hou,0,2013
330909028,25,wsh,1,2013
330909028,103,phi,0,2013
330912017,2,ne,1,2013
330912017,72,nyj,0,2013
330915001,67,atl,1,2013
330915001,12,stl,0,2013
330915002,105,buf,1,2013
330915002,90,car,0,2013
330915003,102,chi,1,2013
330915003,86,min,0,2013
330915009,58,gb,1,2013
330915009,25,wsh,0,2013
330915011,99,ind,1,2013
330915011,97,mia,0,2013
330915012,23,kc,1,2013
330915012,85,dal,0,2013
330915013,98,oak,1,2013
330915013,108,jac,0,2013
330915019,35,nyg,1,2013
330915019,13,den,0,2013
330915021,103,phi,1,2013
330915021,44,sd,0,2013
330915022,107,ari,1,2013
330915022,71,det,0,2013
330915026,83,sea,1,2013
330915026,91,sf,0,2013
330915027,100,tb,1,2013
330915027,42,no,0,2013
330915033,68,bal,1,2013
330915033,101,cle,0,2013
330915034,56,hou,1,2013
330915034,94,ten,0,2013
330916004,18,cin,1,2013
330916004,63,pit,0,2013
