count,game_id,plyr_id,name
1,330922017,16418,zach-sudfeld
2,330915033,16419,brynden-trawick
3,330912017,16421,joe-vellano
4,330915033,16436,eric-martin
5,330922029,16443,melvin-white
6,330915013,16449,laroy-reynolds
7,330915001,16463,ray-ray-armstrong
8,330915012,16473,jeff-heath
9,330915033,16478,brandon-magee
10,330915026,16528,benson-mayowa
11,330915013,169,stefen-wisniewski
12,330915022,8362,don-muhlbach
13,330915034,16556,willie-jefferson
14,330915009,16560,andy-mulumba
15,330915034,16562,aj-bouye
16,330915033,16581,marlon-brown
17,330915012,8416,alex-smith
18,330915021,8417,ronnie-brown
19,330916004,8421,adam-jones
20,330915019,8423,antrel-rolle
21,330915026,8424,carlos-rogers
22,330915012,8426,demarcus-ware
23,330915002,8429,thomas-davis
24,330915012,8430,derrick-johnson
25,330915033,8435,marcus-spears
26,330915009,8439,aaron-rodgers
27,330915034,8441,chris-spencer
28,330915001,8442,roddy-white
29,330915019,8445,mike-patterson
30,330912017,8446,logan-mankins
31,330922029,8447,david-baas
32,330915034,8455,michael-roos
33,330915013,8456,kevin-burnett
34,330915019,8457,corey-webster
35,330916004,8461,mike-nugent
36,330915013,8466,khalif-barnes
37,330915001,8473,jonathan-babineaux
38,330915027,8475,vincent-jackson
39,330915026,8479,frank-gore
40,330916004,8485,alex-smith
41,330915019,8488,justin-tuck
42,330915021,8493,evan-mathis
43,330915011,8495,richie-incognito
44,330915027,9609,davin-joseph
45,330915026,8508,adam-snyder
46,330915012,8513,dustin-colquitt
47,330922029,8524,brandon-jacobs
48,330915034,8527,david-stewart
49,330915021,8540,todd-herremans
50,330915022,8543,dylan-gandy
51,330915027,8544,darren-sproles
52,330915033,8546,chris-canty
53,330915001,8549,matt-giordano
54,330915021,8560,trent-cole
55,330915019,1428,peyton-manning
56,330915022,8605,cj-mosley
57,330912017,5531,kellen-winslow
58,330915034,8614,chris-myers
59,330915003,8621,joe-berger
60,330915019,8630,kevin-vickerson
61,330915013,1442,charles-woodson
62,330915033,8663,billy-bajema
63,330915003,5542,dj-williams
64,330922004,9641,andrew-whitworth
65,330922015,9645,jeremy-trueblood
66,330915034,14079,karl-klug
67,330915027,5557,benjamin-watson
68,330915019,5559,chris-snee
69,330915021,11788,danny-woodhead
70,330915033,5564,daryl-smith
71,330922033,16496,cierre-wood
72,330916004,13766,vincent-rey
73,330915012,13779,frank-zombo
74,330915011,5596,randy-starks
75,330915019,4243,paris-lenon
76,330915033,12437,paul-kruger
77,330915011,12446,fili-moala
78,330915013,12448,vance-walker
79,330915021,5629,isaac-sopoaga
80,330915034,11091,robert-turner
81,330915034,9235,rob-bironas
82,330915027,9263,michael-koenen
83,330915002,9266,jim-leonhard
84,330915034,9267,george-wilson
85,330915013,9276,jon-condo
86,330915011,9287,john-denney
87,330915002,9289,chase-blackburn
88,330912017,9298,dan-connolly
89,330916004,9306,greg-warren
90,330915034,9307,nate-washington
91,330915021,9329,nick-novak
92,330915003,13843,marcus-sherels
93,330915012,9349,lp-ladouceur
94,330915003,9354,robbie-gould
95,330915026,9359,heath-farwell
96,330916004,9361,shaun-suisham
97,330915027,9368,andrew-economos
98,330915027,9371,gary-gibson
99,330915026,9381,raymond-ventrone
100,330915034,4536,wade-smith
101,330915013,5662,josh-scobee
102,330915002,9399,erik-pears
103,330915027,9400,lance-moore
104,330915022,9424,lorenzo-alexander
105,330915019,13860,mitch-unrein
106,330915003,1577,patrick-mannelly
107,330915001,9500,harvey-dahl
108,330915009,9530,john-kuhn
109,330915033,12517,chris-ogbonnaya
110,330915002,9587,mario-williams
111,330915022,9588,reggie-bush
112,330912017,9590,dbrickashaw-ferguson
113,330915009,9591,aj-hawk
114,330915026,9592,vernon-davis
115,330915033,9593,michael-huff
116,330915026,9594,donte-whitner
117,330915003,9597,jay-cutler
118,330915033,9598,haloti-ngata
119,330915034,9599,kamerion-wimbley
120,330915003,9603,chad-greenway
121,330912017,9605,antonio-cromartie
122,330915012,9606,tamba-hali
123,330915002,9608,manny-lawson
124,330915034,9610,johnathan-joseph
125,330912017,9611,santonio-holmes
126,330915002,9613,deangelo-williams
127,330912017,9615,nick-mangold
128,330915019,9618,mathias-kiwanuka
129,330915021,9619,demeco-ryans
130,330915033,9620,dqwell-jackson
131,330915022,9621,rocky-mcintosh
132,330915034,9628,danieal-manning
133,330915027,9629,roman-harper
134,330915026,1440,phil-dawson
135,330915022,9633,daryn-colledge
136,330915003,9638,greg-jennings
137,330915012,9639,anthony-fasano
138,330915009,9642,chris-chester
139,330915003,9643,devin-hester
140,330915021,9644,richard-marshall
141,330915013,9646,maurice-jones-drew
142,330915022,9647,tony-scheffler
143,330915003,9648,tim-jennings
144,330915009,9649,darryl-tapp
145,330915022,9652,eric-winston
146,330915026,9655,paul-mcquistan
147,330915003,9674,james-anderson
148,330915033,9675,rashad-butler
149,330915022,9677,frostee-rucker
150,330915012,9678,jason-hatcher
151,330915034,9684,owen-daniels
152,330915027,9694,jahri-evans
153,330915021,9695,jason-avant
154,330915013,9701,will-blackmon
155,330915022,9702,stephen-tulloch
156,330912017,9704,stephen-gostkowski
157,330915003,9705,brandon-marshall
158,330916004,9709,domata-peko
159,330915009,9710,barry-cofield
160,330915033,9712,elvis-dumervil
161,330915022,9714,rob-sims
162,330922029,9716,domenik-hixon
163,330912017,9717,willie-colon
164,330915002,9720,kyle-williams
165,330912017,9721,rob-ninkovich
166,330915027,9726,parys-haralson
167,330912017,9732,dawan-landry
168,330915034,9737,tim-dobbins
169,330915009,9759,reed-doughty
170,330915034,9761,delanie-walker
171,330915019,9762,kevin-boothe
172,330915009,9769,johnny-jolly
173,330915021,9773,jeromey-clary
174,330915013,9777,jeremy-mincey
175,330915009,9782,kedric-golston
176,330915003,9785,charlie-johnson
177,330915033,9789,sam-koch
178,330915011,9793,antoine-bethea
179,330915027,9796,zach-strief
180,330915003,9798,fred-evans
181,330915001,9801,cortland-finnegan
182,330915009,9820,will-montgomery
183,330922020,9835,ben-obomanu
184,330915027,9838,marques-colston
185,330915009,1680,london-fletcher
186,330915022,1716,david-akers
187,330915013,9988,jason-hunter
188,330915027,10001,tom-johnson
189,330915026,10031,tony-mcdaniel
190,330915033,1858,brandon-stokley
191,330915027,10062,donald-penn
192,330915003,13966,christian-ponder
193,330915001,5776,scott-wells
194,330915019,10127,steve-weatherford
195,330915026,10138,ahmad-brooks
196,330915012,10147,miles-austin
197,330915013,10161,mike-brisiel
198,330915012,10183,thomas-gafford
199,330915002,10195,fred-jackson
200,330915026,10238,jon-ryan
201,330912017,10289,steve-gregory
202,330915022,2144,john-abraham
203,330915013,2148,sebastian-janikowski
204,330915009,10361,stephen-bowen
205,330915022,4459,carson-palmer
206,330916004,10377,dennis-roland
207,330915034,4461,andre-johnson
208,330915033,11289,ray-rice
209,330915033,4468,terrell-suggs
210,330915022,10447,calvin-johnson
211,330915033,10448,joe-thomas
212,330915022,10450,levi-brown
213,330915011,10451,laron-landry
214,330915003,10452,adrian-peterson
215,330915002,10453,ted-ginn
216,330915026,10455,patrick-willis
217,330915026,10456,marshawn-lynch
218,330915027,10458,darrelle-revis
219,330916004,10459,lawrence-timmons
220,330916004,10462,leon-hall
221,330915034,10463,michael-griffin
222,330915019,10464,aaron-ross
223,330915034,2273,shane-lechler
224,330915012,10467,dwayne-bowe
225,330922028,10468,brandon-meriweather
226,330915002,10469,jon-beason
227,330922018,10471,robert-meachem
228,330915026,10472,joe-staley
229,330915027,10473,ben-grubbs
230,330915002,10475,greg-olsen
231,330915002,10477,alan-branch
232,330915013,10478,paul-posluszny
233,330916004,12669,kevin-huber
234,330915021,10481,eric-weddle
235,330915026,10482,zach-miller
236,330915001,10483,justin-blalock
237,330915022,10485,chris-houston
238,330915026,10488,sidney-rice
239,330916004,10490,lamarr-woodley
240,330915012,10492,justin-durant
241,330915027,10496,brian-leonard
242,330915009,10499,josh-wilson
243,330915002,10503,ryan-kalil
244,330915011,10504,samson-satele
245,330915022,12674,rashad-johnson
246,330915013,10510,usama-young
247,330915034,10514,ryan-harris
248,330912017,2330,tom-brady
249,330915002,10527,charles-johnson
250,330915026,10529,brandon-mebane
251,330915033,10530,marshal-yanda
252,330915026,10541,ray-mcdonald
253,330915003,10544,michael-bush
254,330915003,10545,adam-podlesh
255,330915003,10546,brian-robison
256,330915011,10552,paul-soliai
257,330915022,12682,deandre-levy
258,330915019,10560,zak-deossie
259,330915019,10561,manny-ramirez
260,330915021,10563,allen-barbre
261,330915012,10565,doug-free
262,330915003,10568,jermon-bushrod
263,330915027,10569,dashon-goldson
264,330915002,10572,scott-chandler
265,330912017,10577,antwan-barnes
266,330915021,10580,leron-mcclain
267,330922018,10581,jay-richardson
268,330915034,10587,brandon-harris
269,330915026,10590,tarell-brown
270,330915013,10592,uche-nwaneri
271,330915034,10595,antonio-johnson
272,330922023,10598,dante-rosario
273,330915011,12689,pat-mcafee
274,330915027,10604,will-herring
275,330915021,10605,brent-celek
276,330915027,10609,derek-landri
277,330915033,10611,corey-graham
278,330916004,10613,william-gay
279,330922026,12692,clinton-mcdonald
280,330912017,10621,nick-folk
281,330915027,10625,adam-hayward
282,330915022,10627,john-wendling
283,330922016,10635,desmond-bishop
284,330915009,10636,mason-crosby
285,330915027,12696,jamon-meredith
286,330922006,2450,brian-waters
287,330915022,10652,corey-hilliard
288,330915013,12698,roy-miller
289,330915019,10664,trumaine-mcbride
290,330915034,10666,michael-otto
291,330915011,10668,brandon-fields
292,330915022,2482,mike-leach
293,330915019,10675,steve-vallos
294,330915013,10680,alan-ball
295,330915027,2489,rian-lindell
296,330916004,10686,clark-harris
297,330915001,10687,jason-snelling
298,330915011,10693,ahmad-bradshaw
299,330915001,4514,osi-umenyiora
300,330915027,10713,pierre-thomas
301,330915022,2548,jay-feely
302,330915021,2549,michael-vick
303,330915026,2552,justin-smith
304,330915033,10749,james-ihedigbo
305,330915009,2564,santana-moss
306,330915012,10763,mike-devito
307,330915009,2577,ryan-pickett
308,330915011,2578,reggie-wayne
309,330915027,2580,drew-brees
310,330915001,12718,garrett-reynolds
311,330915019,5893,mike-adams
312,330915026,10785,craig-dahl
313,330915022,2598,dominic-raiola
314,330922033,13453,darryl-sharpton
315,330915019,2609,shaun-rogers
316,330915002,2622,steve-smith
317,330915003,2648,roberto-garza
318,330915012,12731,ryan-succop
319,330915012,10873,edgar-jones
320,330915012,10883,akeem-jordan
321,330915034,13729,jon-weeks
322,330915011,10913,brent-grimes
323,330915011,10927,jason-trusnik
324,330915021,12752,jarius-wynn
325,330915034,9640,bernard-pollard
326,330915021,4567,jarret-johnson
327,330915022,11075,lyle-sendlein
328,330916004,4583,ike-taylor
329,330915019,11122,matt-prater
330,330916004,11136,kyle-cook
331,330915027,14146,ahmad-black
332,330915003,11192,blake-costanzo
333,330915034,11197,jackie-battle
334,330912017,11211,marquice-cole
335,330915009,11229,brett-goode
336,330915001,11234,jake-long
337,330915001,11236,chris-long
338,330915001,11237,matt-ryan
339,330915013,11238,darren-mcfadden
340,330915026,11239,glenn-dorsey
341,330915019,11243,keith-rivers
342,330912017,11244,jerod-mayo
343,330915002,11245,leodis-mckelvin
344,330915019,11246,ryan-clady
345,330915001,11248,chris-williams
346,330915012,11249,branden-albert
347,330915019,11250,dominique-rodgers-cromartie
348,330915011,11251,gosder-cherilus
349,330915033,11252,joe-flacco
350,330912017,11254,aqib-talib
351,330915001,11255,sam-baker
352,330916004,11256,felix-jones
353,330915022,11257,rashard-mendenhall
354,330915034,11258,chris-johnson
355,330915013,11259,mike-jenkins
356,330915034,11260,duane-brown
357,330915022,11261,antoine-cason
358,330915009,11266,phillip-merling
359,330915012,11267,donnie-avery
360,330915012,11269,brandon-flowers
361,330915009,11270,jordy-nelson
362,330915027,11271,curtis-lofton
363,330915003,11272,john-carlson
364,330915013,11274,tracy-porter
365,330922016,4467,kevin-williams
366,330915021,11276,eddie-royal
367,330915003,11278,matt-forte
368,330915003,11280,jerome-simpson
369,330915009,11282,fred-davis
370,330915021,11283,desean-jackson
371,330915022,11284,calais-campbell
372,330915033,11286,quentin-groves
373,330915022,11288,jason-jones
374,330915013,11291,chad-henne
375,330915003,11295,martellus-bennett
376,330915019,11297,terrell-thomas
377,330915033,11299,john-greco
378,330915001,11300,kendall-langford
379,330915002,11301,charles-godfrey
380,330915003,11304,earl-bennett
381,330915012,11307,jamaal-charles
382,330915013,11311,pat-sims
383,330915027,11317,jeremy-zuttah
384,330915001,11318,harry-douglas
385,330915034,11319,craig-stevens
386,330915009,11325,jermichael-finley
387,330922026,11326,cliff-avril
388,330915011,11327,philip-wheeler
389,330915021,11330,chad-rinehart
390,330915019,11331,andre-caldwell
391,330915001,11332,thomas-decoud
392,330915033,11333,oniel-cousins
393,330915013,11334,tyvon-branch
394,330915001,11337,william-hayes
395,330915009,11342,kory-lichtensteiger
396,330915011,11343,mike-mcglynn
397,330916004,11346,anthony-collins
398,330915013,11347,dwight-lowery
399,330915012,11351,quintin-demps
400,330915003,11356,craig-steltz
401,330915026,11358,red-bryant
402,330915002,11359,tashard-choice
403,330915009,11360,bryan-kehl
404,330915012,11363,brandon-carr
405,330915033,11364,gary-barnidge
406,330915003,11365,zack-bowman
407,330915012,11366,orlando-scandrick
408,330915019,11373,jacob-tamme
409,330915009,11382,josh-sitton
410,330915026,11384,breno-giacomini
411,330915003,11386,letroy-guion
412,330912017,11387,matthew-slater
413,330915001,11388,kroy-biermann
414,330922026,11392,kellen-davis
415,330915011,11401,erik-walden
416,330915027,11403,trevor-scott
417,330915009,11408,josh-morgan
418,330915013,11409,geno-hayes
419,330915012,11415,nick-hayden
420,330915022,11418,mike-gibson
421,330915003,11421,john-sullivan
422,330915019,11428,ryan-mundy
423,330915011,11429,donald-thomas
424,330915001,14193,jacquizz-rodgers
425,330915034,11434,joe-mays
426,330915009,11439,pierre-garcon
427,330915011,11445,nate-garner
428,330915012,11450,landon-cohen
429,330915002,11458,steve-johnson
430,330915021,11463,cary-williams
431,330915021,11464,king-dunlap
432,330915013,11467,justin-forsett
433,330915012,11475,geoff-schwartz
434,330915012,11484,mackenzy-bernadeau
435,330912017,11494,kyle-arrington
436,330915034,11496,patrick-bailey
437,330915019,14204,julius-thomas
438,330915027,11517,jed-collins
439,330915021,6016,malcom-floyd
440,330915011,11533,jerrell-freeman
441,330915027,11543,garrett-hartley
442,330915027,11544,david-hawthorne
443,330915034,11555,brett-kern
444,330915009,11572,tyler-polumbus
445,330915002,11588,jordan-senn
446,330922023,11601,fernando-velasco
447,330915019,11609,wesley-woodyard
448,330915003,11636,erin-henderson
449,330915002,11658,mike-tolbert
450,330915033,11678,davone-bess
451,330915002,11688,dan-carpenter
452,330915019,11689,chris-clark
453,330915027,11692,brian-de-la-puente
454,330922017,11708,matthew-mulligan
455,330915013,11717,marcel-reece
456,330915003,3530,julius-peppers
457,330915033,3535,bryant-mckinnie
458,330915021,3539,dwight-freeney
459,330916004,11754,benjarvus-green-ellis
460,330915013,3565,andre-gurode
461,330915002,11759,jj-jansen
462,330912017,11786,ryan-wendell
463,330915012,11792,anthony-toribio
464,330915001,3601,will-witherspoon
465,330915033,14032,torrey-smith
466,330916004,11809,wallace-gilberry
467,330915022,3640,dave-zastudil
468,330916004,12895,steve-mclendon
469,330915011,11842,joe-reitz
470,330915022,3667,justin-bannan
471,330915026,3682,jonathan-goodwin
472,330915012,11910,husain-abdullah
473,330912017,11920,leger-douzable
474,330915026,11923,steven-hauschka
475,330915034,11933,darius-reynaud
476,330916004,3743,brett-keisel
477,330915019,12677,terrance-knighton
478,330912017,12105,garrett-mcintyre
479,330912017,12681,ellis-lankster
480,330915011,12417,cameron-wake
481,330915011,12423,darius-butler
482,330915011,12424,vontae-davis
483,330915027,12426,malcolm-jenkins
484,330915002,12429,dj-moore
485,330915012,12430,sean-smith
486,330915019,12432,robert-ayers
487,330915021,12434,larry-english
488,330915012,12435,tyson-jackson
489,330916004,12436,michael-johnson
490,330915033,4245,billy-cundiff
491,330915009,12438,clay-matthews
492,330915009,12439,brian-orakpo
493,330915022,12440,matt-shaughnessy
494,330916004,12442,ziggy-hood
495,330915011,12443,ricky-jean-francois
496,330915001,12444,peria-jerry
497,330915013,12445,senderrick-marks
498,330915009,12447,bj-raji
499,330915021,12449,connor-barwin
500,330915022,12451,jasper-brinkley
501,330915034,12453,brian-cushing
502,330915001,12454,james-laurinaitis
503,330916004,12455,rey-maualuga
504,330915002,12460,graham-gano
505,330915034,12690,brice-mccain
506,330915027,12473,josh-freeman
507,330915022,12483,matthew-stafford
508,330915011,12489,donald-brown
509,330916004,4301,ryan-clark
510,330915003,12496,tony-fiammetta
511,330915034,12497,arian-foster
512,330915013,12503,rashad-jennings
513,330916004,12506,david-johnson
514,330915021,12514,lesean-mccoy
515,330915019,12516,knowshon-moreno
516,330916004,12519,cedric-peerman
517,330915011,12524,marcus-thigpen
518,330915001,4333,matt-bryant
519,330915021,12527,patrick-chung
520,330915022,12528,louis-delmas
521,330915001,12530,william-moore
522,330915021,12535,james-casey
523,330915001,12536,chase-coffman
524,330915001,12537,jared-cook
525,330915019,12548,bear-pascoe
526,330915022,12549,brandon-pettigrew
527,330915021,12550,john-phillips
528,330915022,12553,kory-sperry
529,330915034,12556,kenny-britt
530,330915011,12567,brandon-gibson
531,330915011,12568,brian-hartline
532,330915011,12570,darrius-heyward-bey
533,330915002,12576,brandon-lafell
534,330915019,12585,louis-murphy
535,330915019,12586,hakeem-nicks
536,330915027,12588,kevin-ogletree
537,330916004,12597,brandon-tate
538,330915011,12601,mike-wallace
539,330912017,12605,tanner-purdum
540,330915019,12610,will-beatty
541,330915034,12614,andy-levitre
542,330915003,12615,phil-loadholt
543,330915033,12616,alex-mack
544,330922029,12619,mike-mitchell
545,330915013,12620,eugene-monroe
546,330915033,12621,michael-oher
547,330916004,12622,andre-smith
548,330915026,12624,max-unger
549,330916004,4433,james-harrison
550,330912017,12626,sebastian-vollmer
551,330915002,12627,eric-wood
552,330915009,12633,ej-biggers
553,330915002,12636,colin-brown
554,330915019,12638,david-bruton
555,330915011,12645,chris-clemons
556,330915021,12646,derek-cox
557,330912017,12649,julian-edelman
558,330915022,12651,paul-fanaika
559,330919021,12652,bradley-fletcher
560,330915034,12653,moise-fokou
561,330916004,4463,terence-newman
562,330915002,4466,jordan-gross
563,330916004,4474,troy-polamalu
564,330915034,12667,sammie-lee-hill
565,330912017,4476,calvin-pace
566,330915033,4482,dallas-clark
567,330915009,12675,brad-jones
568,330922028,4487,nick-barnett
569,330915009,12680,tj-lang
570,330915026,4489,nnamdi-asomugha
571,330915027,12683,keenan-lewis
572,330915003,4493,charles-tillman
573,330915013,12687,kaluka-maiava
574,330915011,12688,vaughn-martin
575,330915022,4497,rashean-mathis
576,330915034,12691,jason-mccourty
577,330915003,12695,henry-melton
578,330915027,12701,thomas-morstead
579,330915002,12703,captain-munnerlyn
580,330915026,4512,anquan-boldin
581,330915019,12705,brandon-myers
582,330915033,12713,chris-owens
583,330915022,12714,jerraud-powers
584,330915022,12716,glover-quin
585,330915003,4526,lance-briggs
586,330915012,4527,jason-witten
587,330915022,4529,nate-burleson
588,330915033,12726,aq-shipley
589,330915003,12728,matt-slauson
590,330915002,12733,frank-summers
591,330915011,12738,greg-toler
592,330915002,12742,kraig-urbik
593,330915019,12744,louis-vasquez
594,330915033,12747,lardarius-webb
595,330915013,12755,russell-allen
596,330915021,12757,colt-anderson
597,330915009,12760,chris-baker
598,330915026,12762,michael-bennett
599,330922015,4578,asante-samuel
600,330915019,12771,tony-carter
601,330915019,12773,britton-colquitt
602,330915011,4596,robert-mathis
603,330915009,12789,rob-francois
604,330915011,4604,aubrayo-franklin
605,330915022,10327,micheal-spurlock
606,330915013,4631,tony-pashos
607,330915013,12850,will-taufoou
608,330915022,4671,yeremiah-bell
609,330915019,4680,josh-brown
610,330916004,12883,ramon-foster
611,330915009,10522,james-jones
612,330916004,12898,isaac-redman
613,330915026,12903,cj-spillman
614,330915009,12904,nick-sundberg
615,330915021,12905,reggie-walker
616,330915026,12910,alex-boone
617,330915026,12932,dan-skuta
618,330915033,12949,desmond-bryant
619,330915009,12972,evan-dietrich-smith
620,330915011,4524,cory-redding
621,330915027,12988,ramon-humber
622,330915009,12998,tim-masthay
623,330915022,13007,ashlee-palmer
624,330915022,13018,ronald-talley
625,330915002,13025,jamaal-westerman
626,330915027,13045,jonathan-casillas
627,330915027,13050,demar-dotson
628,330915002,4870,colin-cole
629,330915012,13066,jermey-parnell
630,330915002,13078,garrison-sanborn
631,330915021,4902,jon-dorenbos
632,330915009,13097,darrel-young
633,330915011,13103,dannell-ellerbe
634,330915013,2191,brad-meester
635,330915001,13158,antone-smith
636,330915011,13186,matt-overton
637,330915001,13197,sam-bradford
638,330915019,5009,cullen-jenkins
639,330915002,13203,cj-spiller
640,330915021,13204,ryan-mathews
641,330922023,13206,jonathan-dwyer
642,330915012,13207,dexter-mccluster
643,330915034,13210,ben-tate
644,330915003,13211,toby-gerhart
645,330915026,13212,anthony-dixon
646,330912017,13213,legarrette-blount
647,330915009,13214,james-starks
648,330915012,13215,dez-bryant
649,330915019,13216,demaryius-thomas
650,330915026,13217,golden-tate
651,330922010,13219,damian-williams
652,330915002,13224,marcus-easley
653,330915021,13225,riley-cooper
654,330915022,13226,andre-roberts
655,330916004,13228,jermaine-gresham
656,330915027,13232,jimmy-graham
657,330915013,13233,tyson-alualu
658,330915022,13234,ndamukong-suh
659,330915022,13235,dan-williams
660,330912017,13236,devin-mccourty
661,330912017,13237,kyle-wilson
662,330915027,13238,patrick-robinson
663,330915021,13239,brandon-graham
664,330915027,13240,gerald-mccoy
665,330915009,13241,trent-williams
666,330915026,13242,russell-okung
667,330915001,13243,sean-weatherspoon
668,330915011,13244,jared-odrick
669,330915002,13245,jerry-hughes
670,330915026,13246,mike-iupati
671,330915034,13248,derrick-morgan
672,330915033,13249,joe-haden
673,330915026,13251,earl-thomas
674,330915012,13252,eric-berry
675,330915026,13253,anthony-davis
676,330915034,13254,kareem-jackson
677,330915019,13256,jason-pierre-paul
678,330915021,13257,nate-allen
679,330915022,13259,javier-arenas
680,330919021,13260,jon-asamoah
681,330915019,13261,zane-beadles
682,330915026,13262,navorro-bowman
683,330915027,13263,charles-brown
684,330915021,13265,donald-butler
685,330915002,13266,alex-carrington
686,330915033,13267,terrence-cody
687,330915003,13268,chris-cook
688,330915019,13271,eric-decker
689,330915033,13272,ed-dickson
690,330912017,13273,vladimir-ducasse
691,330916004,13274,carlos-dunlap
692,330915002,13275,armanti-edwards
693,330915013,13277,lamarr-houston
694,330915011,13278,john-jerry
695,330915019,13281,linval-joseph
696,330915012,13284,sean-lee
697,330916004,13286,taylor-mays
698,330915011,13287,koa-misi
699,330915009,13290,jerome-murphy
700,330915009,13291,mike-neal
701,330915001,13292,corey-peters
702,330915001,13294,rodger-saffold
703,330916004,13295,emmanuel-sanders
704,330915026,13296,danthony-smith
705,330912017,13298,brandon-spikes
706,330915002,5107,quintin-mikell
707,330915033,13304,tj-ward
708,330916004,13306,jason-worilds
709,330915003,13307,major-wright
710,330915013,13308,phillip-adams
711,330916004,13311,geno-atkins
712,330915002,13325,jeff-byers
713,330915027,13326,nate-byham
714,330915011,13333,nolan-carroll
715,330915026,13336,kam-chancellor
716,330915012,13338,barry-church
717,330915021,13340,kurt-coleman
718,330915026,13344,perrish-cox
719,330916004,13345,damon-cromartie-smith
720,330915013,13351,brandon-deaderick
721,330915022,13357,jim-dray
722,330915013,13363,jacoby-ford
723,330915001,13365,dominique-franks
724,330915021,13366,clifton-geathers
725,330915011,13370,josh-gordy
726,330915034,13371,garrett-graham
727,330915003,13373,everson-griffen
728,330915013,13376,clay-harbor
729,330915002,13377,greg-hardy
730,330915001,13385,joe-hawley
731,330915019,13386,trindon-holliday
732,330912017,13387,michael-hoomanawanui
733,330922033,13394,arthur-jones
734,330915011,13395,reshad-jones
735,330915027,13403,ted-larsen
736,330915012,13404,kendrick-lewis
737,330922010,13406,sean-lissemore
738,330922017,13407,erik-lorig
739,330912017,13408,robert-malone
740,330915011,13411,ricardo-mathews
741,330915001,13412,robert-mcclain
742,330915003,13419,sherrick-mcmanis
743,330916004,13421,zoltan-mesko
744,330915002,13422,arthur-moats
745,330915009,13428,marshall-newhouse
746,330922028,13439,jordan-pugh
747,330915009,13440,andrew-quarless
748,330915009,13443,perry-riley
749,330912017,13447,ricky-sapp
750,330915001,13448,shann-schillinger
751,330915026,13449,obrien-schofield
752,330915002,13451,chris-scott
753,330915012,13452,george-selvie
754,330915001,13457,eugene-sims
755,330915011,13463,rj-stanford
756,330915021,13465,darrell-stuckey
757,330915021,13470,cam-thomas
758,330915026,13473,walter-thurmond
759,330915033,15900,rick-wagner
760,330915027,13482,dekoda-watson
761,330915003,13484,joe-webb
762,330915002,13485,thomas-welch
763,330915026,13488,kyle-williams
764,330915027,13489,mike-williams
765,330915026,13490,stephen-williams
766,330922004,13491,cj-wilson
767,330916004,13493,al-woods
768,330915003,13494,corey-wootton
769,330915009,10441,sav-rocca
770,330915022,13497,willie-young
771,330915026,13509,lemuel-jeanpierre
772,330915022,13536,joique-bell
773,330915002,13538,richie-brockel
774,330915011,13541,sergio-brown
775,330915027,13544,rafael-bush
776,330915003,13550,nate-collins
777,330915019,13551,jim-cordle
778,330915012,13552,phil-costa
779,330915019,13553,victor-cruz
780,330915021,5362,antonio-gates
781,330912017,13555,jeff-cumberland
782,330915027,13559,justin-drescher
783,330912017,13564,dane-fletcher
784,330915027,13566,junior-galette
785,330915026,13573,clint-gresham
786,330912017,13585,austin-howard
787,330912017,13587,chris-ivory
788,330915003,13591,aj-jefferson
789,330915022,4996,israel-idonije
790,330922006,13611,danny-mccray
791,330915026,13616,marlon-moore
792,330915009,5432,tramon-williams
793,330922025,5437,kassim-osgood
794,330916004,10465,reggie-nelson
795,330915022,13642,alfonso-smith
796,330916004,13670,kion-wilson
797,330915026,13681,tramaine-brock
798,330915026,13697,chris-maragos
799,330915013,13698,jeron-mastrud
800,330915019,5526,eli-manning
801,330915022,5528,larry-fitzgerald
802,330915021,5529,philip-rivers
803,330915009,5533,deangelo-hall
804,330915009,13726,logan-paulsen
805,330919021,5535,dunta-robinson
806,330916004,5536,ben-roethlisberger
807,330912017,5546,vince-wilfork
808,330915001,5549,steven-jackson
809,330915013,5552,jason-babin
810,330915022,5558,karlos-dansby
811,330922025,13751,jeffrey-linkenbach
812,330915002,5576,dwan-edwards
813,330915009,13769,sam-shields
814,330915027,6391,jabari-greer
815,330915034,5580,greg-b-jones
816,330915021,13777,mike-windt
817,330915022,5589,darnell-dockett
818,330915021,5591,nick-hardwick
819,330915002,5593,ben-hartsock
820,330912017,10491,david-harris
821,330915011,13797,cassius-vaughn
822,330915034,5615,matt-schaub
823,330915002,5619,travelle-wharton
824,330915019,5623,shaun-phillips
825,330915001,10553,stephen-nicholas
826,330915012,13822,kyle-bosworth
827,330915027,5631,luke-mccown
828,330916004,5633,jerricho-cotchery
829,330915012,5636,will-allen
830,330915001,13554,jermelle-cudjo
831,330916004,5642,robert-geathers
832,330915003,5651,jared-allen
833,330915033,13845,anthony-levine
834,330915033,13848,morgan-cox
835,330915033,13851,albert-mcclellan
836,330922033,5660,antonio-smith
837,330915003,13863,steve-maneri
838,330915026,5713,andy-lee
839,330916004,13934,antonio-brown
840,330915003,13939,andrew-sendejo
841,330912017,13940,james-develin
842,330915021,5749,donnie-jones
843,330915011,13945,tyler-clutts
844,330912017,13947,isaiah-trufant
845,330915033,13963,jimmy-smith
846,330912017,13964,nate-solder
847,330915027,13965,adrian-clayborn
848,330915027,13967,gabe-carimi
849,330915033,13968,phillip-taylor
850,330915034,13969,jake-locker
851,330915011,13970,anthony-castonzo
852,330915027,13971,cameron-jordan
853,330915009,13973,ryan-kerrigan
854,330915011,13974,mike-pouncey
855,330915019,13975,prince-amukamara
856,330916004,13977,cameron-heyward
857,330915012,13978,tyron-smith
858,330915034,13979,jj-watt
859,330915022,13980,patrick-peterson
860,330915027,13981,mark-ingram
861,330915001,13982,julio-jones
862,330916004,13983,aj-green
863,330915001,13984,robert-quinn
864,330912017,13985,muhammad-wilkerson
865,330915026,13988,aldon-smith
866,330915021,13989,corey-liuget
867,330922028,13990,nick-fairley
868,330915002,13992,marcell-dareus
869,330915026,13993,james-carpenter
870,330915002,13994,cam-newton
871,330915011,13995,kelvin-sheppard
872,330915019,13996,orlando-franklin
873,330915034,13997,brooks-reed
874,330916004,13998,marcus-gilbert
875,330915026,14001,colin-kaepernick
876,330915019,14004,nate-irving
877,330915012,14005,demarco-murray
878,330915001,14006,akeem-dent
879,330915001,14007,lance-kendricks
880,330915021,14010,shareece-wright
881,330915021,14011,johnny-patrick
882,330916004,14012,andy-dalton
883,330915012,14013,rodney-hudson
884,330915034,14014,terrell-mcclain
885,330915034,14015,akeem-ayers
886,330915003,14016,chris-conte
887,330915021,14018,marcus-gilchrist
888,330919021,14020,allen-bailey
889,330915009,14021,leonard-hankerson
890,330915027,14023,mason-foster
891,330915033,14024,greg-little
892,330915012,14026,bruce-carter
893,330915021,14027,vincent-brown
894,330912017,14028,stevan-ridley
895,330915001,14030,joe-barksdale
896,330922023,14033,curtis-brown
897,330915001,14035,austin-pettis
898,330915033,14036,jabaal-sheard
899,330922018,14039,martez-wilson
900,330915019,14040,jerrel-jernigan
901,330915013,14042,will-rackley
902,330912017,14043,jaiquawn-jarrett
903,330915002,14045,aaron-williams
904,330915027,14046,daquan-bowers
905,330915034,14047,jurrell-casey
906,330915012,14048,justin-houston
907,330915003,14049,stephen-paea
908,330915019,14050,rahim-moore
909,330915009,14053,randall-cobb
910,330915003,14054,kyle-rudolph
911,330922020,14055,alex-green
912,330915011,14056,daniel-thomas
913,330912017,14057,kenrick-ellis
914,330915011,14059,jimmy-wilson
915,330915034,14062,tommie-campbell
916,330915002,14071,justin-rogers
917,330915013,14072,chris-prosinski
918,330915001,14073,matt-bosher
919,330915034,14074,colin-mccarthy
920,330915026,14083,bruce-miller
921,330915019,14085,virgil-green
922,330915026,14086,richard-sherman
923,330915019,14087,darel-scott
924,330915022,14095,kris-durham
925,330915019,14098,james-brewer
926,330915027,14099,luke-stocker
927,330915012,14100,dwayne-harris
928,330915011,14104,stanley-havili
929,330915026,14110,daniel-kilgore
930,330915033,14113,chykie-brown
931,330912017,14116,marcus-cannon
932,330915002,14117,colin-jones
933,330915034,14122,shiloh-keo
934,330915021,14123,alex-henery
935,330915021,14124,jason-kelce
936,330915021,14127,julian-vandervelde
937,330912017,14129,bilal-powell
938,330915002,14132,brandon-burton
939,330915026,14133,byron-maxwell
940,330915012,14135,anthony-sherman
941,330915033,14139,buster-skrine
942,330915026,14140,kj-wright
943,330915021,14141,andrew-gachkar
944,330915002,14143,danorris-searcy
945,330915011,14145,charles-clay
946,330915011,5954,tyson-clabo
947,330922020,14151,jeremy-kerley
948,330915022,14152,sam-acho
949,330915013,14153,denarius-moore
950,330915009,14156,niles-paul
951,330915009,14157,davon-house
952,330915013,14158,dj-williams
953,330915026,14159,kendall-hunter
954,330912017,5968,tommy-kelly
955,330915002,14162,josh-thomas
956,330915009,14164,aldrick-robinson
957,330915013,14167,taiwan-jones
958,330916004,14174,chris-carter
959,330916004,14178,clint-boling
960,330915021,14181,casey-matthews
961,330915001,14182,cliff-matthews
962,330915013,14184,cecil-shorts
963,330915013,14186,jordan-todman
964,330915033,14189,jordan-cameron
965,330922033,14190,tandon-doss
966,330915009,14192,roy-helu
967,330915034,13288,earl-mitchell
968,330915034,14197,derek-newton
969,330915019,14199,jacquian-williams
970,330915022,14200,dejon-gomes
971,330912017,14201,chris-white
972,330915033,14202,pernell-mcphee
973,330915021,6012,jason-peters
974,330922026,14205,jt-thomas
975,330915003,14208,brandon-fusco
976,330912017,14209,clyde-gates
977,330915013,14210,stephen-burton
978,330915009,14213,ryan-taylor
979,330915026,14214,malcolm-smith
980,330915002,14215,lee-smith
981,330915026,14221,doug-baldwin
982,330922026,14226,cameron-bradfield
983,330922020,14231,corbin-bryant
984,330915003,6044,cullen-loeffler
985,330915011,14257,mario-harvey
986,330915019,14262,mark-herzlich
987,330915026,14292,mike-morgan
988,330915012,14297,ron-parker
989,330915021,14310,cedric-thornton
990,330915003,14315,anthony-walters
991,330915002,14320,mario-addison
992,330915012,14322,dan-bailey
993,330915021,14325,bront-bird
994,330915033,14342,spencer-lanning
995,330915003,14360,matt-asiata
996,330915027,13299,daniel-teo-nesheim
997,330915003,14375,larry-dean
998,330922025,14377,demarcus-dobbs
999,330915011,14387,jonathan-freeny
1000,330915019,14398,chris-harris
1001,330915002,14402,chris-hogan
1002,330915011,14415,joe-lefeged
1003,330915013,14433,allen-reisner
1004,330912017,14434,konrad-reuland
1005,330915026,14461,ian-williams
1006,330915033,14465,christian-yount
1007,330912017,14471,nick-bellore
1008,330915001,14478,drew-davis
1009,330915033,6301,vonta-leach
1010,330915009,14500,jeremy-ross
1011,330912017,14510,darrin-walls
1012,330915011,14513,will-yeatman
1013,330915001,14517,tim-barnes
1014,330915033,14519,josh-bynes
1015,330915034,14524,bryan-braman
1016,330915009,14530,md-jennings
1017,330915034,14570,lestar-jean
1018,330912017,14581,danny-aiken
1019,330915021,14590,jeff-maehl
1020,330915009,14597,jamari-lattimore
1021,330915019,14608,henry-hynoski
1022,330922010,14610,michael-preston
1023,330915012,14625,phillip-tanner
1024,330915001,14637,mike-mcneill
1025,330915019,14648,spencer-paysinger
1026,330915019,14673,justin-trattou
1027,330915001,14676,jake-mcquaide
1028,330915013,14697,brandian-ross
1029,330915012,14723,chris-jones
1030,330915013,10856,nick-roach
1031,330915002,14753,byron-bell
1032,330915002,14761,armond-smith
1033,330915011,1097,adam-vinatieri
1034,330915001,14818,kevin-cone
1035,330915001,14820,chase-reynolds
1036,330915003,10663,marvin-mitchell
1037,330915013,14851,terrelle-pryor
1038,330915026,14859,michael-wilhoite
1039,330915033,14860,craig-robertson
1040,330922023,14870,will-johnson
1041,330915012,5209,tony-romo
1042,330915011,14874,andrew-luck
1043,330915009,14875,robert-griffin-iii
1044,330915011,14876,ryan-tannehill
1045,330915033,14878,brandon-weeden
1046,330915026,14881,russell-wilson
1047,330915033,14884,trent-richardson
1048,330915027,14885,doug-martin
1049,330915011,14886,lamar-miller
1050,330915019,14887,david-wilson
1051,330922006,14888,isaiah-pead
1052,330915021,14889,chris-polk
1053,330915033,14891,bernard-pierce
1054,330915026,14894,robert-turbin
1055,330915019,14895,ronnie-hillman
1056,330915012,14897,cyrus-gray
1057,330915011,14900,coby-fleener
1058,330922004,14902,orson-charles
1059,330915011,14903,michael-egnew
1060,330915021,14904,ladarius-green
1061,330915012,14906,james-hanna
1062,330915022,14908,michael-floyd
1063,330915034,14909,kendall-wright
1064,330912017,14910,stephen-hill
1065,330915019,14911,rueben-randle
1066,330915003,14912,alshon-jeffery
1067,330915001,14914,brian-quick
1068,330915034,14916,keshawn-martin
1069,330915003,14918,jarius-wright
1070,330915002,14920,tj-graham
1071,330916004,14922,mohamed-sanu
1072,330915011,14924,ty-hilton
1073,330912017,14927,chandler-jones
1074,330915003,14928,matt-kalil
1075,330915009,14929,nick-perry
1076,330915022,14930,riley-reiff
1077,330916004,14931,kevin-zeitler
1078,330915027,14932,mark-barron
1079,330912017,14933,donta-hightower
1080,330916004,14935,david-decastro
1081,330915034,14936,whitney-mercilus
1082,330915003,14937,shea-mcclellin
1083,330915002,14938,luke-kuechly
1084,330915012,14939,dontari-poe
1085,330916004,14940,dre-kirkpatrick
1086,330915021,14941,fletcher-cox
1087,330915012,14943,morris-claiborne
1088,330915001,14944,michael-brockers
1089,330915003,14945,harrison-smith
1090,330915012,14947,aj-jenkins
1091,330915003,14948,josh-robinson
1092,330915013,14950,bryan-anger
1093,330915033,14951,mitchell-schwartz
1094,330915013,14952,andre-branch
1095,330915021,14953,kendall-reyes
1096,330915033,14954,john-hughes
1097,330915012,14956,donald-stephenson
1098,330915033,14957,kelechi-osemele
1099,330912017,14958,demario-davis
1100,330922017,14960,jake-bequette
1101,330915034,14962,brandon-brooks
1102,330916004,14963,devon-still
1103,330915019,14964,derek-wolfe
1104,330916004,14965,brandon-thompson
1105,330915001,14968,peter-konz
1106,330915034,14969,devier-posey
1107,330915033,14970,courtney-upshaw
1108,330915002,14971,cordy-glenn
1109,330915034,14973,zach-brown
1110,330915001,14974,janoris-jenkins
1111,330915011,14975,jonathan-martin
1112,330912017,14977,tavon-wilson
1113,330915021,14978,mychal-kendricks
1114,330915026,14979,bobby-wagner
1115,330915022,14980,bill-bentley
1116,330922029,14981,amini-silatolu
1117,330915011,14982,olivier-vernon
1118,330915019,14983,jayron-hosley
1119,330915027,14984,akiem-hicks
1120,330915027,14985,lavonte-david
1121,330915001,14986,lamar-holmes
1122,330915034,14988,mike-martin
1123,330915001,14989,trumaine-johnson
1124,330915012,14990,jeff-allen
1125,330915001,14993,greg-zuerlein
1126,330915009,14994,mike-daniels
1127,330915019,14997,omar-bolden
1128,330915034,14998,coty-sensabaugh
1129,330915033,14999,gino-gradkowski
1130,330915027,15001,keith-tandy
1131,330915003,15003,rhett-ellison
1132,330915009,15009,alfred-morris
1133,330915002,15010,frank-alexander
1134,330915022,15011,travis-lewis
1135,330915033,15014,tank-carder
1136,330915034,15019,jared-crick
1137,330922018,15020,nate-potter
1138,330915033,15021,billy-winn
1139,330915003,15023,audie-cole
1140,330915026,15025,jr-sweezy
1141,330915012,15029,junior-hemingway
1142,330915012,15032,james-michael-johnson
1143,330916004,15035,kelvin-beachum
1144,330915009,15036,jerron-mcmillian
1145,330915012,15038,kyle-wilber
1146,330915011,15039,josh-chapman
1147,330916004,15043,david-paulson
1148,330915019,15047,malik-jackson
1149,330915001,15050,bradie-ewing
1150,330915002,15051,brad-nortman
1151,330912017,15053,alfonzo-dennard
1152,330915021,15057,brandon-boykin
1153,330915003,15058,blair-walsh
1154,330912017,15061,antonio-allen
1155,330915033,15062,travis-benjamin
1156,330915011,15064,cam-johnson
1157,330915034,15067,taylor-thompson
1158,330915021,15068,najee-goode
1159,330915022,15070,tahir-whitehead
1160,330916004,15072,marvin-jones
1161,330915019,15074,danny-trevathan
1162,330915002,15075,nigel-bradham
1163,330915001,15078,chris-givens
1164,330915003,15079,robert-blanton
1165,330915009,15082,tom-compton
1166,330915003,15084,isaiah-frey
1167,330916004,15085,george-iloka
1168,330915027,15086,corey-white
1169,330915026,15087,jeremy-lane
1170,330915022,15089,justin-bethel
1171,330915034,15091,randy-bullock
1172,330915021,15092,bryce-brown
1173,330915001,15099,jonathan-massaquoi
1174,330915011,15102,rishard-matthews
1175,330915013,15103,christo-bilukidi
1176,330915013,15106,mike-harris
1177,330915034,15109,ben-jones
1178,330915001,15111,daryl-richardson
1179,330912017,15113,josh-bush
1180,330922028,15121,john-potter
1181,330915002,15124,josh-norman
1182,330922017,15125,nate-ebner
1183,330922028,15128,jonte-green
1184,330915034,15130,collin-mooney
1185,330915001,15142,matt-conrath
1186,330915027,15145,bryce-harris
1187,330915001,15147,matt-daniels
1188,330915001,15151,josh-harris
1189,330915001,15153,johnny-hekker
1190,330915019,15190,duke-ihenacho
1191,330915026,15204,garrett-celek
1192,330916004,15213,robert-golden
1193,330915001,15222,rodney-mcleod
1194,330915019,15224,adrian-robinson
1195,330922006,15226,cory-harkey
1196,330915002,15234,shawn-powell
1197,330915033,15235,tashaun-gipson
1198,330915019,15241,aaron-brewer
1199,330916004,15246,vontaze-burfict
1200,330915012,15272,dezman-moses
1201,330915012,15276,ronald-leary
1202,330915011,15278,derrick-shelby
1203,330915022,15284,bradley-sowell
1204,330915011,15305,kelcie-mccray
1205,330915013,15324,kaelin-burnett
1206,330916004,15329,derek-moye
1207,330915034,13478,alterraun-verner
1208,330915002,15344,marcus-dowtin
1209,330915013,15347,austin-pasztor
1210,330922023,15350,antwon-blake
1211,330915026,15351,derrick-coleman
1212,330915013,15354,lucas-nix
1213,330915034,15355,beau-brinkley
1214,330915009,15358,jarrett-boykin
1215,330915033,15359,johnson-bademosi
1216,330915011,15360,griff-whalen
1217,330922006,15369,lance-dunbar
1218,330912017,15380,damon-harrison
1219,330915011,15383,dominique-jones
1220,330915027,15385,eric-page
1221,330915013,15389,marquette-king
1222,330915013,15391,rod-streater
1223,330915027,15398,leonard-johnson
1224,330915003,12721,jamarca-sanford
1225,330915009,15409,don-barclay
1226,330915026,15428,jermaine-kearse
1227,330922025,15430,tony-jerod-eddie
1228,330915002,13496,sam-young
1229,330915027,15457,travaris-cadet
1230,330922018,15460,tyrunn-walker
1231,330915003,10770,eric-weems
1232,330915022,15474,pat-edwards
1233,330915021,4607,mike-scifres
1234,330915002,15492,nate-chandler
1235,330915034,11778,ropati-pitoitua
1236,330915033,15501,bobby-rainey
1237,330915033,15508,ishmaaily-kitchen
1238,330915012,15515,sean-mcgrath
1239,330915019,5941,wes-welker
1240,330915013,15572,jeremy-stewart
1241,330915021,15573,michael-harris
1242,330915001,1231,tony-gonzalez
1243,330915034,15612,eddie-pleasant
1244,330915021,15624,damaris-johnson
1245,330915013,15653,jamize-olawale
1246,330915003,15659,joe-anderson
1247,330915033,15683,justin-tucker
1248,330922004,15688,brandon-bostick
1249,330915013,15699,kyle-knox
1250,330915019,15707,larry-donnell
1251,330915009,15718,greg-van-roten
1252,330915019,15733,steven-johnson
1253,330915013,15751,michael-brewster
1254,330915021,15755,fozzy-whittaker
1255,330915009,15782,chris-banjo
1256,330915022,15785,ezekiel-ansah
1257,330915001,15786,tavon-austin
1258,330916004,15788,tyler-eifert
1259,330915033,15789,matt-elam
1260,330915012,15790,eric-fisher
1261,330915003,15791,sharrif-floyd
1262,330915021,15792,dj-fluker
1263,330915012,15793,travis-frederick
1264,330915013,15794,dj-hayden
1265,330915034,15795,deandre-hopkins
1266,330915013,15796,luke-joeckel
1267,330915021,15797,lane-johnson
1268,330915009,15798,datone-jones
1269,330916004,15799,jarvis-jones
1270,330915011,15800,dion-jordan
1271,330915003,15801,kyle-long
1272,330915002,15802,star-lotulelei
1273,330915002,15803,ej-manuel
1274,330912017,15804,dee-milliner
1275,330922016,15805,barkevious-mingo
1276,330915001,15806,alec-ogletree
1277,330915003,15807,cordarrelle-patterson
1278,330915019,15808,justin-pugh
1279,330915026,15809,eric-reid
1280,330915003,15810,xavier-rhodes
1281,330912017,15811,sheldon-richardson
1282,330915001,15812,desmond-trufant
1283,330915027,15813,kenny-vaccaro
1284,330915034,15814,chance-warmack
1285,330915011,15815,bjoern-werner
1286,330915019,15816,sylvester-williams
1287,330915001,15817,robert-alford
1288,330922010,15818,keenan-allen
1289,330915002,15819,kiko-alonso
1290,330915009,15820,david-amerson
1291,330915001,15822,stedman-bailey
1292,330915019,15823,montee-ball
1293,330915027,15824,johnthan-banks
1294,330916004,15826,giovani-bernard
1295,330915003,15827,jon-bostic
1296,330915033,15828,arthur-brown
1297,330912017,15830,jamie-collins
1298,330915013,15831,john-cyprien
1299,330915012,15832,knile-davis
1300,330922017,15834,aaron-dobson
1301,330915021,15835,zach-ertz
1302,330915012,15836,gavin-escobar
1303,330922017,15842,duron-harmon
1304,330922010,15845,justin-hunter
1305,330915027,15846,john-jenkins
1306,330915009,15848,eddie-lacy
1307,330915026,15849,corey-lemonier
1308,330915021,15850,bennie-logan
1309,330915022,15851,tyrann-mathieu
1310,330915001,15852,tj-mcdonald
1311,330915026,15853,vance-mcdonald
1312,330915033,15854,leon-mcfadden
1313,330915022,15856,kevin-minter
1314,330922029,15858,damontre-moore
1315,330915013,15859,sio-moore
1316,330915009,15860,jordan-reed
1317,330912017,15861,logan-ryan
1318,330915002,15862,kawann-short
1319,330915022,15863,darius-slay
1320,330912017,15864,geno-smith
1321,330915034,15865,dj-swearinger
1322,330915011,15869,hugh-thornton
1323,330915022,15870,larry-warford
1324,330915019,15872,kayvon-webster
1325,330916004,15873,markus-wheaton
1326,330915012,15874,jj-wilcox
1327,330916004,15877,shawn-williams
1328,330915012,15878,terrance-williams
1329,330912017,15879,brian-winters
1330,330915002,15880,robert-woods
1331,330915034,15881,blidi-wreh-wilson
1332,330915002,15884,duke-williams
1333,330915034,15887,ryan-griffin
1334,330915012,15888,marcus-cooper
1335,330915003,15889,khaseem-greene
1336,330915022,15890,dc-jefferson
1337,330915022,15893,andre-ellington
1338,330915019,15895,cooper-taylor
1339,330915013,15896,brice-butler
1340,330915013,15906,stacy-mcgee
1341,330915009,15912,bacarri-rambo
1342,330915021,15917,earl-wolff
1343,330915011,15918,caleb-sturgis
1344,330915013,15923,mychal-rivera
1345,330915009,15925,johnathan-franklin
1346,330915003,15926,jeff-locke
1347,330915022,15928,sam-martin
1348,330922023,15934,vince-williams
1349,330915012,15939,bw-webb
1350,330915011,15943,don-jones
1351,330915012,15944,mike-catapano
1352,330915001,15949,brandon-mcgee
1353,330915013,15951,denard-robinson
1354,330922004,15954,sam-barrington
1355,330915002,15956,jonathan-meeks
1356,330915001,15957,malliciah-goodman
1357,330915027,15958,akeem-spence
1358,330912017,15959,michael-buchanan
1359,330915009,15960,micah-hyde
1360,330915013,15962,nick-kasa
1361,330915009,15963,david-bakhtiari
1362,330915002,15964,aj-klein
1363,330915009,15966,chris-thompson
1364,330915009,15967,brandon-jenkins
1365,330922017,15968,mike-james
1366,330912017,15973,tommy-bohanon
1367,330915011,15974,dion-sims
1368,330915021,15979,jordan-poyer
1369,330915001,15980,levine-toilolo
1370,330915022,15981,stepfan-taylor
1371,330915013,15984,josh-evans
1372,330915011,15985,jelani-jenkins
1373,330915012,15990,devonte-holloman
1374,330916004,15992,shamarko-thomas
1375,330915022,15994,theo-riddick
1376,330912017,15998,josh-boyce
1377,330915033,16002,kyle-juszczyk
1378,330915003,16004,jordan-mills
1379,330915013,16005,demetrius-mccray
1380,330922033,16010,john-simon
1381,330915027,16016,kenny-stills
1382,330915026,16020,spencer-ware
1383,330915013,16022,ace-sanders
1384,330915026,16026,quinton-patton
1385,330915034,16030,daimion-stafford
1386,330915021,16039,jahleel-addae
1387,330915001,16055,benny-cunningham
1388,330915021,16067,kwame-geathers
1389,330922026,16087,john-lotulelei
1390,330915033,16095,keavon-milton
1391,330915034,16114,justin-tuggle
1392,330915026,16121,luke-willson
1393,330915027,16143,josh-hill
1394,330915027,16146,tim-lelito
1395,330915027,16157,kevin-reddick
1396,330915027,16164,rod-sweeting
1397,330915001,16171,joplo-bartu
1398,330915022,16172,jaron-brown
1399,330915022,16195,tony-jefferson
1400,330915021,16202,jake-knott
1401,330915002,16217,nickell-robey
1402,330922015,16222,ryan-schraeder
1403,330915027,16227,russell-shepard
1404,330912017,16230,ryan-spadola
1405,330915021,16231,damion-square
1406,330916004,13629,michael-palmer
1407,330915001,16243,paul-worrilow
1408,330916004,16256,jayson-dimanche
1409,330915027,16285,timothy-wright
1410,330915001,16299,daren-bates
1411,330915033,16312,josh-aubrey
1412,330922029,16313,brandon-williams
1413,330916004,8133,mike-adams
1414,330915022,16330,joseph-fauria
1415,330915013,16359,carson-tinker
1416,330915026,16361,kevin-mcdermott
1417,330915003,16366,zach-line
1418,330912017,16381,kenbrell-thompkins
1419,330912017,16382,ryan-allen
